event_id,url,title,date_start,time_start,location,ticket_url,ticket_price_text,ticket_free,description,category,categories,organizer,duration
cab18fef035ef2b2b8211e1da00f3e12,https://allevents.in/skopje/nick-cave-%D0%94%D0%9E%D0%90%D0%83%D0%90-%D0%92%D0%9E-%D0%9C%D0%90%D0%9A%D0%95%D0%94%D0%9E%D0%9D%D0%98%D0%88%D0%90/200028015737930,NICK CAVE –î–û–ê–É–ê –í–û –ú–ê–ö–ï–î–û–ù–ò–à–ê!,,,Stadion Na ARM,https://allevents.in/skopje/nick-cave-%D0%94%D0%9E%D0%90%D0%83%D0%90-%D0%92%D0%9E-%D0%9C%D0%90%D0%9A%D0%95%D0%94%D0%9E%D0%9D%D0%98%D0%88%D0%90/200028015737930,,True,"OH, WHAT A DAY:

NICK CAVE, E–î–ï–ù –û–î –ù–ê–à–ì–û–õ–ï–ú–ò–¢–ï –ò –ù–ê–à–ó–ù–ê–ß–ê–à–ù–ò –ê–†–¢–ò–°–¢–ò –ù–ê –ù–ê–®–ï–¢–û –í–†–ï–ú–ï –î–û–ê–É–ê –í–û –°–ö–û–ü–à–ï –ù–ê SKOPJE CALLING 2025!

22 –ê–í–ì–£–°–¢ 
–°–¢–ê–î–ò–û–ù –ù–ê –ê–†–ú
20 –ß–ê–°–û–¢

–ö–∞–∫–æ–≤ –µ –∏ –∫–∞–∫–æ–≤ –±–∏–ª –∂–∏–≤–æ—Ç–æ—Ç –∑–∞–≤–∏—Å–∏ –æ–¥ —Ç–æ–∞ –∫–æ–∏ —Ç–∏ –±–∏–ª–µ –∏ —Å–µ‚Äô —É—à—Ç–µ —Å–µ —Ç–≤–æ–∏ —Å–æ–≤—Ä–µ–º–µ–Ω–∏—Ü–∏.
–ù–∏–µ –Ω–µ –º–æ–∂–µ–º–µ –¥–∞ —Å–µ –ø–æ–∂–∞–ª–∏–º–µ –≤–æ —Ç–æ—ò —Å–µ–≥–º–µ–Ω—Ç.

–ê, –Ω–µ",Music,['Music'],Avalon International Booking,
3ea20489e703de77d8908e014bd47949,https://allevents.in/skopje/yll-limani-open-air-concert-in-skopje-on-august-20/200028542078203,YLL LIMANI OPEN AIR CONCERT IN SKOPJE ON AUGUST 20!,,,Stadion Na Arm Gradski Park,https://allevents.in/skopje/yll-limani-open-air-concert-in-skopje-on-august-20/200028542078203,,True,"YLL LIMANI WITH A BIG OPEN AIR CONCERT IN SKOPJE ON AUGUST 20!

ARM STADIUM
9 PM

Dear friends,

It is truly a great pleasure to announce that Avalon International Booking in co-production with Three60 Music will organize the concert of the big pop star YLL LIMANI, on August 20 at ARM Stadium!

Afte",Music,['Music'],Avalon International Booking,
5e492c01cc0a649aeef3a063eea910b7,https://allevents.in/skopje/skopje-fury-festival-13092025-%D0%9C%D0%9A%D0%A6-%D0%9F%D0%B0%D1%80%D0%BA/200027725275155,Skopje Fury Festival! 13.09.2025 // –ú–ö–¶ –ü–∞—Ä–∫,,,"Date & Location
Sat, 13 Sep, 2025 at 02:00 pm to 11:45 pm (CEST)
Add to Calendar
–ú–ª–∞–¥–∏–Ω—Å–∫–∏ –ö—É–ª—Ç—É—Ä–µ–Ω –¶–µ–Ω—Ç–∞—Ä
–ú–ª–∞–¥–∏–Ω—Å–∫–∏ –ö—É–ª—Ç—É—Ä–µ–Ω —Ü–µ–Ω—Ç–∞—Ä, 1125 –°–∫–æ–ø—ò–µ, –°–µ–≤–µ—Ä–Ω–∞ –ú–∞–∫–µ–¥–æ–Ω–∏—ò–∞, Skopje, Macedonia, The Former Yugoslav Republic Of
View on map, –ú–ª–∞–¥–∏–Ω—Å–∫–∏ –ö—É–ª—Ç—É—Ä–µ–Ω –¶–µ–Ω—Ç–∞—Ä, –ú–ª–∞–¥–∏–Ω—Å–∫–∏ –ö—É–ª—Ç—É—Ä–µ–Ω —Ü–µ–Ω—Ç–∞—Ä, 1125 –°–∫–æ–ø—ò–µ, –°–µ–≤–µ—Ä–Ω–∞ –ú–∞–∫–µ–¥–æ–Ω–∏—ò–∞, Skopje, Macedonia, The Former Yugoslav Republic Of, View on map",https://allevents.in/skopje/skopje-fury-festival-13092025-%D0%9C%D0%9A%D0%A6-%D0%9F%D0%B0%D1%80%D0%BA/200027725275155,,True,"Skopje Fury Festival! 13.09.2025 // –ú–ö–¶ –ü–∞—Ä–∫ –°–æ –æ—Å–æ–±–µ–Ω–∞ –≥–æ—Ä–¥–æ—Å—Ç —Å–∞–∫–∞–º–µ –¥–∞ –≤–∏ –≥–æ –Ω–∞—ò–∞–≤–∏–º–µ –ø—Ä–≤–æ—Ç–æ –∏–∑–¥–∞–Ω–∏–µ –Ω–∞ Skopje Fury. –§–µ—Å—Ç–∏–≤–∞–ª –∫oj —ú–µ —Å–µ –æ–¥—Ä—ì–∏ –≤–æ –ø–∞—Ä–∫–æ—Ç –Ω–∞ –ú–ö–¶! –õ–æ–∫–∞—Ü–∏—ò–∞ —Å—É–ø–µ—Ä –ø–æ–∑–Ω–∞—Ç–∞ –Ω–∞ —Å–∏—Ç–µ –Ω–∞—Å. –ö–æ–Ω–µ—á–Ω–æ —Å–º–µ—Ç–∞–º–µ –¥–µ–∫–∞ –µ –¥–æ—ò–¥–µ–Ω–æ –≤—Ä–µ–º–µ –∑–∞ –°–∫–æ–ø—ò–µ –¥–∞ –¥–æ–±–∏–µ open air –º–µ—Ç–∞–ª —Ñ–µ—Å—Ç–∏–≤–∞–ª, –∫–æ—ò —Å–µ –Ω–∞–¥–µ–≤–∞–º–µ –¥–µ–∫–∞ —Å–æ —Ç–µ–∫–æ—Ç –Ω–∞ –≤—Ä–µ–º–µ—Ç–æ —ú–µ –ø—Ä–µ—Ä–∞—Å–Ω–µ –≤–æ —Ä–µ–≥–∏–æ–Ω–∞–ª–µ–Ω –≥–æ–¥–∏—à–µ–Ω —Å–æ–±–∏—Ä –Ω–∞ –≤—ô—É–±–µ–Ω–∏—Ü–∏ –≤–æ –µ–∫—Å—Ç—Ä–µ–º–Ω–∞—Ç–∞ –º—É–∑–∏–∫–∞. 13.09.2025–≥–æ–¥. –µ –¥–∞—Ç–∞—Ç–∞ –∫–æ—ò–∞ —Ç—Ä–µ–±–∞ –¥–∞ –≤–∏ —Å–µ –≤—Ä–µ–∂–µ –≤–æ –≤–∞—à–∞—Ç–∞ –º–µ—Ç–∞–ª—Å–∫–∞ –ø–æ—Ç—Å–≤–µ—Å—Ç –∏ —Å–µ–∫–∞–∫–æ –≤–æ –≤–∞—à–∏—Ç–µ –∫–∞–ª–µ–Ω–¥–∞—Ä–∏ :) –°–ø—Ä–µ–º–∞—ò—Ç–µ —Å–µ –∑–∞: 6 –±–µ–Ω–¥–∞ –ú–∞—Å–∏–≤–Ω–∞ –±–∏–Ω–∞ –ú–µ—Ç–∞–ª –∑–æ–Ω–∞ –ö–∞—Ä—Ç–∏ –≤–æ –ø—Ä–µ—Ç–ø—Ä–æ–¥–∞–∂–±–∞ 1300 –¥–µ–Ω–∞—Ä–∏ –ù–∞ –¥–µ–Ω–æ—Ç –Ω–∞ –∫–æ–Ω—Ü–µ—Ä—Ç–æ—Ç 1600 –ù–∞ –ª–∏–Ω–∫–æ—Ç –ø–æ–¥–æ–ª—É https://drugastrana.mk/event/skopje-fury/ Skopje Fury- the Inception Terrorvoid Promotions Also check out other Festivals in Skopje.",Music,['Music'],Terrorvoid Promotions,02:00 pm - 11:45 pm
69f180ee7908095fbeb85a269af10106,https://allevents.in/skopje/yll-limani-live-show-skopje/200028542078102,Yll Limani Live Show - Skopje,,,"Skopje, North Macedonia",https://allevents.in/skopje/yll-limani-live-show-skopje/200028542078102,,True,"YLL LIMANI LIVE SHOW IN SKOPJE OPEN AIR!

üìÜ20 AUGUST
üìçARM STADIUM

One of the greatest Albanian artists of the modern scene, YLL LIMANI, comes to Skopje with his famous ballads and pop hits that have left their mark. The audience will have the opportunity to enjoy the concert accompanied by a band o",Music,['Music'],KickTick,
b47009dcdf65bd876a1b6efdab6b9d46,https://allevents.in/skopje/skopje-blabla-lanaguage-exchange-every-other-thursday-recurrent-event/200028341266926,Skopje BlaBla Lanaguage Exchange - Every other Thursday - Recurrent event -,,,Skopje,https://allevents.in/skopje/skopje-blabla-lanaguage-exchange-every-other-thursday-recurrent-event/200028341266926,,True,"üåüüåç Hi BlaBla Language Exchange Lovers!

Join our BlaBla events to meet new folks, forge friendships, and let your tongues wag in different languages! üó£Ô∏èüéâüéà!
‚Ä¶‚Ä¶‚Ä¶‚Ä¶‚Ä¶
üëâ Any question or request? Reach out to us on Instagram: www.instagram.com/blablalanguage
‚Ä¶‚Ä¶‚Ä¶‚Ä¶‚Ä¶
üëâ Join Our BlaBla Whatsapp Group: https://",Business,['Business'],BlaBla Language Exchange - Macedonia,07:30 pm - 10:00 pm
e8c06eee7bef8b42b776b48ea569f8a4,https://allevents.in/skopje/boardgames-meetup-registration-is-mandatory/200028536498804,Boardgames Meetup (Registration is mandatory),,,Skopje,https://allevents.in/skopje/boardgames-meetup-registration-is-mandatory/200028536498804,,True,"üé≤ Join Our Board & Card Game Night! üÉè‚ú®
Ready for a night of fun and strategy? Whether you‚Äôre a fan of classic board games or love a good card game, this is the perfect event to meet new people and enjoy some friendly competition. Grab a seat, roll the dice, and let the games begin!",Business,['Business'],BlaBla Language Exchange - Macedonia,07:00 pm - 09:30 pm
dd35f5e3487175074d61b5bc68ba86d8,https://allevents.in/skopje/%D0%9F%D0%B8%D0%B2%D0%BE%D0%BB%D0%B5%D0%BD%D0%B4-2025/200028650708136,–ü–∏–≤–æ–ª–µ–Ω–¥ 2025,,,"–ü–∞—Ä–∫ –Ω–∞ –§—Ä–∞–Ω–∫–æ—Ñ–æ–Ω–∏—ò–∞—Ç–∞, Skopje",https://allevents.in/skopje/%D0%9F%D0%B8%D0%B2%D0%BE%D0%BB%D0%B5%D0%BD%D0%B4-2025/200028650708136,,True,"–ß–µ—Ç–∏—Ä–∏–Ω–∞–µ—Å–µ—Ç–æ –∏–∑–¥–∞–Ω–∏–µ –Ω–∞ –Ω–∞—ò—É–±–∞–≤–∏–æ—Ç –ø–∏–≤—Å–∫–∏ –≥—É—Ä–º–∞–Ω—Å–∫–∏ –≤–∏–∫–µ–Ω–¥ - –ü–∏–≤–æ–ª–µ–Ω–¥. –í–æ –ø–∞—Ä–∫–æ—Ç –Ω–∞ —Ñ—Ä–∞–Ω–∫–æ—Ñ–æ–Ω–∏—ò–∞—Ç–∞ –Ω–∞ 21-–≤–∏, 22-—Ä–∏ –∏ 23-—Ç–∏ –ê–≤–≥—É—Å—Ç, –°–∫–æ–ø—ò–µ —ú–µ –ø—É–ª—Å–∏—Ä–∞ –≤–æ —Ä–∏—Ç–∞–º–æ—Ç –Ω–∞ –º—É–∑–∏–∫–∞—Ç–∞ –∏ –ø–∏–≤–æ—Ç–æ.
–î–û–à–î–ò –í–ò–î–ò –ò–°–ü–ò–à - –ü–ò–í–û–õ–ï–ù–î",Food,['Food'],–ü–∏–≤–æ–ª–µ–Ω–¥,
f68ec1852fa57d3becb85289280b6530,https://allevents.in/skopje/dating-meetup-skopje-registration-is-mandatory/200028427636411,Dating Meetup - Skopje (Registration is mandatory),,,Skopje,https://allevents.in/skopje/dating-meetup-skopje-registration-is-mandatory/200028427636411,,True,"üíû Authentic Connections (30‚Äì45 y/o) ‚Äì Real Dating, No Pressure ‚òïüåπ
Looking for real connections ‚Äî no apps, no swipes, no pressure?
Welcome to our dating event designed especially for single men and women aged 30 to 45 who want something genuine in a relaxed and friendly setting.
üìÖ When: Once a month",Business,['Business'],BlaBla Language Exchange - Macedonia,07:00 pm - 09:00 pm
888d750c3698d8651cf43eb601213735,https://allevents.in/skopje/balkanjazz-group/200028599714351,BalkanJazz Group,,,Public Room,https://allevents.in/skopje/balkanjazz-group/200028599714351,,True,"üé∂ –ó–∞ —ô—É–±–∏—Ç–µ–ª–∏—Ç–µ –Ω–∞ –∫–ª–∞—Å–∏—á–Ω–∏–æ—Ç —ü–µ–∑ –∑–≤—É–∫ –∏ –æ–Ω–∏–µ –∫–æ–∏ –≥–∏ —Å–∞–∫–∞–∞—Ç —Ä–∏—Ç–º–∏—á–∫–æ-–º–µ–ª–æ–¥–∏—Å–∫–∏—Ç–µ –µ–∫—Å–ø–µ—Ä–∏–º–µ–Ω—Ç–∏ ‚Äì –≥–æ –Ω–∞—ò–∞–≤—É–≤–∞–º–µ –∫–æ–Ω—Ü–µ—Ä—Ç–æ—Ç –Ω–∞ Tomi Purich BalkanJazz Group –Ω–∞ 23 –∞–≤–≥—É—Å—Ç –≤–æ Public Room!

üéπ –í–æ —Ñ–æ—Ä–º–∞ –Ω–∞ –∫–ª–∞—Å–∏—á–Ω–æ —ü–µ–∑ —Ç—Ä–∏–æ ‚Äì –ø–∏—ò–∞–Ω–æ, –∫–æ–Ω—Ç—Ä–∞–±–∞—Å –∏ —Ç–∞–ø–∞–Ω–∏ ‚Äì —Å–æ –∂–µ–Ω—Å–∫–∏ –≤–æ–∫–∞–ª, –≥—Ä—É–ø–∞—Ç–∞ –Ω—É–¥–∏ —É–Ω–∏–∫–∞—Ç–Ω–∞ –º–µ—à–∞–≤–∏–Ω–∞ –æ–¥ –±–∞–ª–∫",Music,['Music'],Public Room,
bb952b0d0e1630e25ff74b98ee3c3740,https://allevents.in/skopje/stand-up-comedy-in-broken-english-%E2%80%A2-victor-patrascan-in-skopje/80003383521085,Stand up Comedy in broken English ‚Ä¢ Victor Patrascan in Skopje,,,Public Room,https://allevents.in/skopje/stand-up-comedy-in-broken-english-%E2%80%A2-victor-patrascan-in-skopje/80003383521085,,True,Laugh with Europe's comedy nomad Victor Patrascan as he tells hilarious jokes while asking thought-provoking questions on today‚Äôs most controversial topics. You'll hear jokes on subjects like race and religion all the way to gender and politics. This show is not for the easily offended! Don‚Äôt miss o,Theater,['Theater'],The Comedy Nomad,08:00 pm - 10:00 pm
264bd38676da9f36499eca5b7271eb4b,https://allevents.in/skopje/no-borders-orchestra-skopje/200028654974631,No Borders Orchestra - Skopje,,,Filharmonija,https://allevents.in/skopje/no-borders-orchestra-skopje/200028654974631,,True,"ùüì —Å–µ–ø—Ç–µ–º–≤—Ä–∏ ùüêùüéùüêùüì / ùüêùüé —á 
–°–∫–æ–ø—ò–µ, –ö–∞–º–µ—Ä–Ω–∞ —Å–∞–ª–∞ –Ω–∞ –ú–∞–∫–µ–¥–æ–Ω—Å–∫–∞ —Ñ–∏–ª—Ö–∞—Ä–º–æ–Ω–∏—ò–∞

ùêìùêÆùê´ùêßùê¢ùêßùê† ùêèùê®ùê¢ùêßùê≠
ùêÅùêöùê•ùê§ùêöùêß ùêíùêûùêöùê¨ùê®ùêß ùêìùê®ùêÆùê´ ùüêùüéùüêùüì
ùêçùê® ùêÅùê®ùê´ùêùùêûùê´ùê¨ ùêéùê´ùêúùê°ùêûùê¨ùê≠ùê´ùêö
–î–∏—Ä–∏–≥–µ–Ω—Ç: –ü—Ä–µ–º–∏–ª –ü–µ—Ç—Ä–æ–≤–∏–∫ÃÅ

–ü—Ä–æ–≥—Ä–∞–º–∞
–ù–∏–Ω–∞ –ü–µ—Ä–æ–≤–∏—ú: Bubbling
–ê—Ä–Ω–æ–ª–¥ –®–µ–Ω–±–µ—Ä–≥: Verkl√§rte Nacht
–î–∞–≤–æ—Ä –ë—Ä–∞–Ω–∏–º–∏—Ä –í–∏–Ω—Ü–∑–µ: ckrsch‚Ä¶
–ì—É—Å—Ç–∞–≤ –ú–∞–ª–µ—Ä: Adagietto
–î–∞—Ä–∏—ò–∞ –ê–Ω–¥–æ–≤—Å–∫–∞: Apo",Music,['Music'],No Borders Orchestra,
05621f815a9158dc8d8d55851da36452,https://allevents.in/skopje/%D0%A4%D0%9E%D0%9B%D0%A2%D0%98%D0%9D/200028641620228,–§–û–õ–¢–ò–ù,,,Public Room,https://allevents.in/skopje/%D0%A4%D0%9E%D0%9B%D0%A2%D0%98%D0%9D/200028641620228,,True,"üéô–§–û–õ–¢–ò–ù –ø–æ–≤—Ç–æ—Ä–Ω–æ –≤–æ Public Room –Ω–∞ 12. —Å–µ–ø—Ç–µ–º–≤—Ä–∏! 

–ü—Ä–∏–¥—Ä—É–∂–µ—Ç–µ –Ω–∏ —Å–µ –Ω–∞ —É—à—Ç–µ –µ–¥–µ–Ω –Ω–µ–∑–∞–±–æ—Ä–∞–≤–µ–Ω –∫–æ–Ω—Ü–µ—Ä—Ç–æ—Ç –æ–≤–∞–∞ —Å–µ–∑–æ–Ω–∞, —Å–æ üëá

–ü–µ—Ü–µ –ù–∏–∫–æ–ª–æ–≤—Å–∫–∏ ‚Äì –∫–ª–∞—Ä–∏–Ω–µ—Ç –∏ —É—Å–Ω–∞ —Ö–∞—Ä–º–æ–Ω–∏–∫–∞;
–ë—Ä–∞–Ω–∏—Å–ª–∞–≤ –ù–∏–∫–æ–ª–æ–≤ ‚Äì –≥–ª–∞—Å–Ω–∏ –∏ –¥—Ä—É–≥–∏ –∂–∏—Ü–∏;
–ü–µ—Ü–µ –¢—Ä–∞—ò–∫–æ–≤—Å–∫–∏ ‚Äì –ë—Ä–∞–¥–∞ ‚Äì –¥–∏—Ä–∫–∏, –≥–∏—Ç–∞—Ä–∞, –ø–µ—Ä–∫—É—Å–∏–∏;
–ì–æ—Ü–µ –à–æ–≤–∞–Ω–æ—Å–∫–∏ ‚Äì –±–∞—Å –∏
–°–ª–∞–≤—á–æ –à–æ–≤–µ–≤ ‚Äì —Ç–∞",Music,['Music'],Public Room,
ebe130380c6e070084825dd8cb01be6e,https://allevents.in/skopje/wizz-air-skopje-marathon-2025/200027683521511,Wizz Air Skopje Marathon 2025,,,"Skopje, 1000 Skopje, Republic of Macedonia",https://allevents.in/skopje/wizz-air-skopje-marathon-2025/200027683521511,,True,"üá≤üá∞ –ú–ö / 21-—Ç–æ –∏–∑–¥–∞–Ω–∏–µ –í–∏–∑ –ï—Ä –°–∫–æ–ø—Å–∫–∏ –º–∞—Ä–∞—Ç–æ–Ω, —ú–µ —Å–µ –æ–¥—Ä–∂–∏ –Ω–∞ 5 –æ–∫—Ç–æ–º–≤—Ä–∏ 2025, —Å–æ —Å—Ç–∞—Ä—Ç –≤–æ 8:00

üèÉüèº‚Äç‚ôÄÔ∏èüèÉüèº –¢–†–ö–ò
–ú–∞—Ä–∞—Ç–æ–Ω
–ü–æ–ª—É–º–∞—Ä–∞—Ç–æ–Ω
–®—Ç–∞—Ñ–µ—Ç–µ–Ω –ú–∞—Ä–∞—Ç–æ–Ω - –ï–£ –∑–∞ –°–ø–æ—Ä—Ç
–ö–æ–º–µ—Ä—Ü–∏—ò–∞–ª–Ω–∞ –ë–∞–Ω–∫–∞ 5–ö–ú

üëâ –ü—Ä–∏—ò–∞–≤—É–≤–∞—ö–µ—Ç–æ –µ –û–¢–í–û–†–ï–ù–û –æ–¥ 25.12.2024

‚û°Ô∏è –†–û–ö–û–í–ò –ó–ê –ü–†–ò–à–ê–í–£–í–ê–ä–ï
–ü—Ä–≤ —Ä–æ–∫ - 10 —Ñ–µ–≤—Ä—É–∞—Ä–∏ 2025
–í—Ç–æ—Ä —Ä–æ–∫ - 31 —ò—É–ª–∏ 202",Sports,['Sports'],Skopski Maraton,
588bd89656d847327eea01c824de0710,https://allevents.in/skopje/%D0%97%D0%95%D0%9C%D0%88%D0%90-%D0%92%D0%9E-%D0%A4%D0%9E%D0%9A%D0%A3%D0%A1-%D0%90%D0%92%D0%A1%D0%A2%D0%A0%D0%98%D0%88%D0%90-country-in-focus-austria/200028683420148,–ó–ï–ú–à–ê –í–û –§–û–ö–£–°: –ê–í–°–¢–†–ò–à–ê / COUNTRY IN FOCUS: AUSTRIA,,,–ö—É—Ä—à—É–º–ª–∏ –ê–Ω,https://allevents.in/skopje/%D0%97%D0%95%D0%9C%D0%88%D0%90-%D0%92%D0%9E-%D0%A4%D0%9E%D0%9A%D0%A3%D0%A1-%D0%90%D0%92%D0%A1%D0%A2%D0%A0%D0%98%D0%88%D0%90-country-in-focus-austria/200028683420148,,True,"–ì–æ–¥–∏–Ω–µ—à–Ω–∏–æ—Ç —Ñ–µ—Å—Ç–∏–≤–∞–ª—Å–∫–∏ —Ñ–æ–∫—É—Å —ù –≥–æ –ø–æ—Å–≤–µ—Ç—É–≤–∞–º–µ –Ω–∞ –ê–≤—Å—Ç—Ä–∏—ò–∞, –∑–µ–º—ò–∞ —à—Ç–æ –∑–∞—Å–ª—É–∂—É–≤–∞, –ø–æ–∫—Ä–∞—ò –∑–µ–ª–µ–Ω–∏—Ç–µ –ê–ª–ø–∏ –∏ —É–±–∞–≤–∏–æ—Ç —Å–∏–Ω –î—É–Ω–∞–≤, –¥–∞ —ò–∞ –∑–Ω–∞–µ–º–µ –∏ –ø–æ –¥–æ–∫—É–º–µ–Ω—Ç–∞—Ä–Ω–∞—Ç–∞ —Å—Ü–µ–Ω–∞ —à—Ç–æ –≤–µ—ú–µ –ø–æ–¥–æ–ª–≥–æ –≤—Ä–µ–º–µ –∑–∞—Å–ª—É–∂–µ–Ω–æ —Å–∏ –≥–æ –Ω–∞–æ—ì–∞ –º–µ—Å—Ç–æ—Ç–æ –Ω–∞ —Ä–µ—á–∏—Å–∏ —Å–∏—Ç–µ —Å–≤–µ—Ç—Å–∫–∏ –ø–æ–∑–Ω–∞—Ç–∏ –¥–æ–∫—É–º–µ–Ω—Ç–∞—Ä–Ω–∏ —Ñ–µ—Å—Ç–∏–≤–∞–ª–∏.

–ò—Å—Ç—Ä–∞–∂—É–≤–∞—ò—ú–∏ –≥–æ –∞–≤—Å—Ç—Ä–∏—Å–∫–∏–æ—Ç –¥",Cinema,['Cinema'],MakeDox,
bd9c8da767a07471a3a35d9e174d8b6a,https://allevents.in/skopje/biker-fest-vol3-support-71-mc/200027983292115,Biker Fest Vol.3 (Support 71 MC),,,Plostad Avtokomanda,https://allevents.in/skopje/biker-fest-vol3-support-71-mc/200027983292115,,True,"Guardian Angels MC Macedonia –∑–∞–µ–¥–Ω–æ —Å–æ –û–ø—à—Ç–∏–Ω–∞ –ì–∞–∑–∏ –ë–∞–±–∞ –≥–æ –æ—Ä–≥–∞–Ω–∏–∑–∏—Ä–∞–∞—Ç —Ç—Ä–µ—Ç–∏–æ—Ç –ø–æ —Ä–µ–¥ ""Biker Fest"" –∑–∞ —Å–∏—Ç–µ —ô—É–±–∏—Ç–µ–ª–∏ –Ω–∞ –º–æ—Ç–æ—Ä–∏ –∏ –¥–æ–±–∞—Ä —Ä–æ–∫–µ–Ω—Ä–æ–ª, –Ω–∞ –≤–µ—ú–µ –ø–æ–∑–Ω–∞—Ç–æ—Ç–æ –º–µ—Å—Ç–æ - –ø–ª–æ—à—Ç–∞–¥–æ—Ç –≤–æ –ê–≤—Ç–æ–∫–æ–º–∞–Ω–¥–∞!
–ù–∞ 13—Ç–∏ –°–µ–ø—Ç–µ–º–≤—Ä–∏, –≤–æ –°–∞–±–æ—Ç–∞, –≤–µ –ø–æ–∫–∞–Ω—É–≤–∞–º–µ –Ω–∞ —Ü–µ–ª–æ–¥–Ω–µ–≤–Ω–∞ –ø—Ä–æ–≥—Ä–∞–º–∞ –Ω–∞ –¥–æ–±—Ä–æ –ø–æ–∑–Ω–∞—Ç–∏ –±–µ–Ω–¥–æ–≤–∏, –∑–∞–±–∞–≤–Ω–∏ –∏",Music,['Music'],Support 71 - Guardian Angels MC Macedonia,
7e1432c4ce65bf31d35c21c3bc1e296e,https://allevents.in/skopje/community-networking-meetup-for-entrepreneurs-by-entrepreneurs/200028576890503,"Community Networking Meetup: For Entrepreneurs, By Entrepreneurs",,,Skopje,https://allevents.in/skopje/community-networking-meetup-for-entrepreneurs-by-entrepreneurs/200028576890503,,True,"Looking to connect with fellow entrepreneurs, share ideas, and build real relationships? This is an open-invite, self-organized gathering for anyone looking to connect with others, share ideas, and build authentic relationships. There's no agenda, no speakers, just people coming together to meet fac",Business,['Business'],BlaBla Language Exchange - Macedonia,07:00 pm - 09:00 pm
3c483802c4fa6b16c9e80fcc2a7366f7,https://allevents.in/skopje/skopje-run-registration-is-mandatory-weekly-meetup-recurrent-event/200028383485614,Skopje Run (Registration is mandatory / Weekly meetup / Recurrent event ),,,Skopje,https://allevents.in/skopje/skopje-run-registration-is-mandatory-weekly-meetup-recurrent-event/200028383485614,,True,"üèÉ‚Äç‚ôÇÔ∏è Make Friends & Run Together üèÉ‚Äç‚ôÄÔ∏è
Every Saturday from 10:00 to 11:30 AM
Looking to get moving and meet new people?
Join us for a friendly group run ‚Äì open to all levels! No need to be a pro runner ‚Äì the goal is to run together and make new friends along the way üåçüí¨
üïô We start at 10:00 sharp ‚Äì",Sports,['Sports'],BlaBla Language Exchange - Macedonia,10:00 am - 11:30 am
2775405834c5f7050d3d0d1531afeff2,https://allevents.in/skopje/skopje-open-2025/200028421398208,SKOPJE OPEN 2025,,,Praven Fakultet Justinijan Prvi - Skopje,https://allevents.in/skopje/skopje-open-2025/200028421398208,,True,"Rok, Ilija and Lovro in one place‚Ä¶ are we reinstating Yugoslavia?? No, but we‚Äôre bringing back Skopje Open after 10 years!!! üéâ üéâüéâ


Join us for a warm late summer weekend filled with quality debates, Balkan style socials and a lot of rakija! We promise you venue and accommodation near the city cente",Sports,['Sports'],–ú–ª–∞–¥–∏–Ω—Å–∫–∏ –æ–±—Ä–∞–∑–æ–≤–µ–Ω —Ñ–æ—Ä—É–º - –ú–û–§ / Youth Educational Forum -YEF,
239834eafcbcf545c5c7d2227ac049dd,https://allevents.in/skopje/november-run-gevgelija-2025/200027724889053,November run Gevgelija 2025,,,Gevgelija,https://allevents.in/skopje/november-run-gevgelija-2025/200027724889053,,True,"–ü–µ—Ç—Ç–æ—Ç–æ —ò—É–±–∏–ª–µ—ò–Ω–æ –∏–∑–¥–∞–Ω–∏–µ –Ω–∞ —Ç—Ä–∫–∞—Ç–∞ November run Gevgelija —ú–µ —Å–µ –æ–¥—Ä–∂–∏ –Ω–∞ 1–≤–∏ –∏ 2—Ä–∏ –Ω–æ–µ–º–≤—Ä–∏ 2025 –≥–æ–¥–∏–Ω–∞, –∫–∞–¥–µ —É—á–µ—Å–Ω–∏—Ü–∏—Ç–µ —ú–µ –º–æ–∂–∞—Ç –¥–∞ —Ç—Ä—á–∞–∞—Ç –Ω–∞ 5 –∏–ª–∏ 10 –∫–∏–ª–æ–º–µ—Ç—Ä–∏, –∫–∞–∫–æ –∏ –Ω–∞ –¥–µ—Ç—Å–∫–∞—Ç–∞ —Ç—Ä–∫–∞ –∑–∞ –¥–µ—Ü–∞ —Ä–æ–¥–µ–Ω–∏ 2012 –≥–æ–¥–∏–Ω–∞ –∏ –ø–æ–º–ª–∞–¥–∏ –∏ –Ω–∞ —Ç—Ä–∫–∞—Ç–∞ Run Together –æ—Ä–≥–∞–Ω–∏–∑–∏—Ä–∞–Ω–∞ –∑–∞–µ–¥–Ω–æ —Å–æ –§–æ–Ω–¥–∞—Ü–∏—ò–∞ –ò—Ü–µ –ë–µ–≥–æ–≤.
–ü–æ–≤–µ—ú–µ",Sports,['Sports'],–ê—Ç–ª–µ—Ç—Å–∫–∏ –∫–ª—É–± 7–º–∏ –ù–æ–µ–º–≤—Ä–∏ –ì–µ–≤–≥–µ–ª–∏—ò–∞ / Athletic club 7mi Noemvri Gevgelija,
e13faafb1deb0a1356cf44dcfd51d449,https://allevents.in/skopje/odoo-business-show-skopje/200028179670814,Odoo Business Show - Skopje,,,Skopje Marriott Hotel,https://allevents.in/skopje/odoo-business-show-skopje/200028179670814,,True,"üìå Let's meet in Skopje on Thursday, August 28th, 2025 for an interactive conference and an enriching networking session!

Come and discover Odoo, the all-in-one integrated software which will simplify your daily life within your company. Say goodbye to double encoding, lost invoices, and quotes; cre",Education,['Education'],Odoo,06:00 pm - 09:00 pm
3defe80a32725d21ce2f226075d16dee,https://allevents.in/skopje/%E2%80%9E%D0%9C%D0%B0%D1%80%D1%82%D0%B0-%D0%92%D0%B5%D1%80%D0%B8%D0%BD%D0%B0/200028566886136,‚Äû–ú–∞—Ä—Ç–∞ –í–µ—Ä–∏–Ω–∞‚Äú,,,"11 –ú–∞—Ä—Ç, 1000 Skopje, Republic of Macedonia",https://allevents.in/skopje/%E2%80%9E%D0%9C%D0%B0%D1%80%D1%82%D0%B0-%D0%92%D0%B5%D1%80%D0%B8%D0%BD%D0%B0/200028566886136,,True,"‚Äû–ú–ê–†–¢–ê –í–ï–†–ò–ù–ê‚Äú

–ê–≤—Ç–æ—Ä: –î—Ä–∞–≥–∞–Ω–∞ –õ—É–∫–∞–Ω –ù–∏–∫–æ–ª–æ—Å–∫–∏
–†–µ–∂–∏—Å–µ—Ä: –ù–∏–Ω–∞ –ù–∏–∫–æ–ª–∏—ú


–ú–ê–†–¢–ê –í–ï–†–ò–ù–ê - 35 –≥–æ–¥–∏–Ω–∏ - –î–∞—Ä—ò–∞ –†–∏–∑–æ–≤–∞
–ò–í–û - 20 –≥–æ–¥–∏–Ω–∏ - –ì—Ä–∏–≥–æ—Ä –à–æ–≤–∞–Ω–æ–≤—Å–∫–∏
–ö–ò–†–ò–õ ‚Äì 50 –≥–æ–¥–∏–Ω–∏ - –ë–ª–∞–≥–æ—ò –í–µ—Å–µ–ª–∏–Ω–æ–≤
–à–ê–°–ù–ê ‚Äì 45 –≥–æ–¥–∏–Ω–∏ - –ë–∏—ô–∞–Ω–∞ –î—Ä–∞–≥–∏—ú–µ–≤–∏—ú-–ü—Ä–æ—ò–∫–æ–≤—Å–∫–∞
–ö–†–ò–°–¢–ò–ù–ê ‚Äì 40 –≥–æ–¥–∏–Ω–∏ - –ê–º–µ—Ä–Ω–∏—Å –ù–æ–∫—à–∏—ú–∏
–í–ï–°–ù–ê ‚Äì 45 –≥–æ–¥–∏–Ω–∏ - –°–æ—Ñ–∏–∞ –ù–∞",Education,['Education'],–ú–∞–∫–µ–¥–æ–Ω—Å–∫–∏ –Ω–∞—Ä–æ–¥–µ–Ω —Ç–µ–∞—Ç–∞—Ä / Makedonski naroden teatar,
12db70af35de563c3c7d5e318a0a98b2,https://allevents.in/skopje/%D0%9A%D0%B8%D0%BA%D0%B8-%D0%9B%D0%B5%D1%81%D0%B5%D0%BD%D0%B4%D1%80%D0%B8%D1%9C-%D0%B8-%D0%9F%D0%98%D0%9B%D0%9E%D0%A2%D0%98/200028618300956,–ö–∏–∫–∏ –õ–µ—Å–µ–Ω–¥—Ä–∏—ú –∏ –ü–ò–õ–û–¢–ò,,,Public Room,https://allevents.in/skopje/%D0%9A%D0%B8%D0%BA%D0%B8-%D0%9B%D0%B5%D1%81%D0%B5%D0%BD%D0%B4%D1%80%D0%B8%D1%9C-%D0%B8-%D0%9F%D0%98%D0%9B%D0%9E%D0%A2%D0%98/200028618300956,,True,"üî• –ü–æ–¥–≥–æ—Ç–≤–µ—Ç–µ —Å–µ –∑–∞ –Ω–æ—ú –∏—Å–ø–æ–ª–Ω–µ—Ç–∞ —Å–æ —Ä–æ–∫ –µ–º–æ—Ü–∏–∏ ‚Äì –ö–∏–∫–∏ –õ–µ—Å–µ–Ω–¥—Ä–∏—ú –∏ –ü–ò–õ–û–¢–ò –¥–æ–∞—ì–∞–∞—Ç –≤–æ Public Room! üé§üé∏

üìÖ –ù–∞ 19. —Å–µ–ø—Ç–µ–º–≤—Ä–∏ —ú–µ –≥–∏ —Å–ª—É—à–Ω–µ–º–µ –ª–µ–≥–µ–Ω–¥–∞—Ä–Ω–∏—Ç–µ —Ö–∏—Ç–æ–≤–∏ —à—Ç–æ –Ω–µ —Å—Ç–∞—Ä–µ–∞—Ç ‚Äì‚Äû–ö–∞–æ –ø—Ç–∏—Ü–∞ –Ω–∞ –º–æ–º –¥–ª–∞–Ω—É‚Äú, ‚Äû–ö–∞–¥–∞ —Å–∞—ö–∞–º–æ‚Äú, ‚Äû–ù–µ–≥–¥–µ –¥—É–±–æ–∫—É —Ç—É‚Äú, ‚Äû–õ–µ—Ç–æ‚Äú –∏ —É—à—Ç–µ –º–Ω–æ–≥—É –¥—Ä—É–≥–∏!

–ì–∞—Ä–∞–Ω—Ç–∏—Ä–∞–º–µ —Å–æ–≤—Ä—à–µ–Ω–∞ –≤–µ—á–µ—Ä –∑–∞ —Å–∏—Ç–µ —ô—É–±–∏—Ç–µ",Music,['Music'],Public Room,
49b0656d49350b179d6a3c9acf1ac2db,https://allevents.in/skopje/empty-story-%E2%80%94-post-punk-from-hungary-in-skopje-la-ka%C3%91a/200028634051637,EMPTY STORY ‚Äî POST-PUNK FROM HUNGARY IN SKOPJE @LA KA√ëA,,,La Ka√±a,https://allevents.in/skopje/empty-story-%E2%80%94-post-punk-from-hungary-in-skopje-la-ka%C3%91a/200028634051637,,True,"Join us in a dark night filled with the sound of post-punk culture. The headliner of the evening, Empty Story, bring their hypnotic melodies from Hungary, deeply rooted in post-punk and darkwave tradition.
LIVE SHOW: Empty Story
venue: Skopje, La Kana

Ôº•ÔΩçÔΩêÔΩîÔΩô„ÄÄÔº≥ÔΩîÔΩèÔΩíÔΩô is a hungarian post-punk band from",Music,['Music'],Empty Story,
ca16bb29f16eaf10f41a71418069b316,https://allevents.in/skopje/xxi-congress-of-the-doctors-of-the-republic-of-north-macedonia-with-international-participation/200028341266522,XXI Congress of the Doctors of the Republic of North Macedonia With International Participation,,,Holiday Inn Skopje,https://allevents.in/skopje/xxi-congress-of-the-doctors-of-the-republic-of-north-macedonia-with-international-participation/200028341266522,,True,"üéì XXI Congress of the Doctors of North Macedonia

üìÖ September 11‚Äì14, 2025

üìç Holiday Inn, Skopje | North Macedonia



Join over 1000 medical professionals from around the world at one of the region‚Äôs most anticipated medical events!



üîπ Scientific sessions & abstract presentations

üîπ Keynote le",Art,['Art'],–ú–∞–∫–µ–¥–æ–Ω—Å–∫–æ –ª–µ–∫–∞—Ä—Å–∫–æ –¥—Ä—É—à—Ç–≤–æ,
ce2b2972e3302a2419eead7801afd016,https://allevents.in/skopje/%D0%9A%D0%BD%D0%B8%D0%B6%D0%B5%D0%B2%D0%BD%D0%B0-%D0%B2%D0%B5%D1%87%D0%B5%D1%80-%D1%81%D0%BE-%D0%9A%D0%B0%D0%BF%D0%BA%D0%B0-%D0%9A%D0%B0%D1%81%D0%B0%D0%B1%D0%BE%D0%B2%D0%B0/200028661894357,–ö–Ω–∏–∂–µ–≤–Ω–∞ –≤–µ—á–µ—Ä —Å–æ –ö–∞–ø–∫–∞ –ö–∞—Å–∞–±–æ–≤–∞!,,,–ë—É–∫–≤–∞ / Bookva,https://allevents.in/skopje/%D0%9A%D0%BD%D0%B8%D0%B6%D0%B5%D0%B2%D0%BD%D0%B0-%D0%B2%D0%B5%D1%87%D0%B5%D1%80-%D1%81%D0%BE-%D0%9A%D0%B0%D0%BF%D0%BA%D0%B0-%D0%9A%D0%B0%D1%81%D0%B0%D0%B1%D0%BE%D0%B2%D0%B0/200028661894357,,True,"–§–µ–Ω–æ–º–µ–Ω–∞–ª–Ω–∞—Ç–∞ –∞–≤—Ç–æ—Ä–∫–∞ –ö–∞–ø–∫–∞ –ö–∞—Å–∞–±–æ–≤–∞, –Ω–∞—ò–ø–æ–∑–Ω–∞—Ç–∞ –ø–æ –≤—Ä–≤–Ω–∞—Ç–∞ –¥–æ–∫—É–º–µ–Ω—Ç–∞—Ä–∏—Å—Ç–∏—á–∫–æ-–ø–∞—Ç–µ–ø–∏—Å–Ω–∞ –ø—Ä–æ–∑–∞, –¥–æ–∞—ì–∞ –≤–æ –ú–∞–∫–µ–¥–æ–Ω–∏—ò–∞!
–°–æ –≥–æ–ª–µ–º–æ –∑–∞–¥–æ–≤–æ–ª—Å—Ç–≤–æ –Ω–∞ 20 –∞–≤–≥—É—Å—Ç –≤–æ –∫–∞—Ñ–µ-–∫–Ω–∏–∂–∞—Ä–Ω–∏—Ü–∞—Ç–∞ –ë—É–∫–≤–∞ —ú–µ –æ—Ä–≥–∞–Ω–∏–∑–∏—Ä–∞–º–µ –∫–Ω–∏–∂–µ–≤–Ω–∞ –≤–µ—á–µ—Ä —Å–æ –ö–∞–ø–∫–∞ –∫–∞–¥–µ –ø—Ä–µ–¥ –ø—Ä–∏—Å—É—Ç–Ω–∏—Ç–µ —Å–≤–æ–∏—Ç–µ –∏–º–ø—Ä–µ—Å–∏–∏ –Ω–∏–∑ —Ä–∞–∑–≥–æ–≤–æ—Ä —Å–æ –∞–≤—Ç–æ—Ä–∫–∞—Ç–∞ —ú–µ –≥–∏ –∏—Å–∫–∞–∂–∞—Ç –ê–Ω–∞ –í",Kids,['Kids'],–ò–∑–¥–∞–≤–∞—á–∫–∞ –∫—É—ú–∞ –ò–ª–∏-–ò–ª–∏,08:00 pm - 11:00 pm
e7020828aaf8416e5dc6b4212674344f,https://allevents.in/skopje/stopanska-triogy-triathlon-skopje-2025/200028005337911,Stopanska Triogy Triathlon Skopje 2025,,,Boris Trajkovski Sports Center / –°–ø–æ—Ä—Ç—Å–∫–∏ –¶–µ–Ω—Ç–∞—Ä –ë–æ—Ä–∏—Å –¢—Ä–∞—ò–∫–æ–≤—Å–∫–∏,https://allevents.in/skopje/stopanska-triogy-triathlon-skopje-2025/200028005337911,,True,"–¢—Ä–∞–¥–∏—Ü–∏–æ–Ω–∞–ª–Ω–∏–æ—Ç –≥—Ä–∞–¥—Å–∫–∏ —Ç—Ä–∏–∞—Ç–ª–æ–Ω –ø–æ–≤—Ç–æ—Ä–Ω–æ –≤–æ –°–∫–æ–ø—ò–µ! 

–ù–∞ 28 –°–µ–ø—Ç–µ–º–≤—Ä–∏, 2025 –≥–æ–¥–∏–Ω–∞ —ú–µ —Å–µ –æ–¥—Ä–∂–∏ –ø–µ—Ç—Ç–∏–æ—Ç –≥—Ä–∞–¥—Å–∫–∏ —Ç—Ä–∏–∞—Ç–ª–æ–Ω - —Å–ø—Ä–∏–Ω—Ç –¥–∏—Å—Ç–∞–Ω—Ü–∞. 

–û–≤–∞ –µ –Ω–∞—Å—Ç–∞–Ω –Ω–∞ –∫–æ—ò –º–æ–∂–µ –¥–∞ —É—á–µ—Å—Ç–≤—É–≤–∞–∞—Ç –Ω–∞—Ç–ø—Ä–µ–≤–∞—Ä—É–≤–∞—á–∏ –æ–¥ —Å–∏—Ç–µ –º–æ–∂–Ω–∏ –≤–æ–∑—Ä–∞—Å—Ç–∏ –∏ –Ω—É–¥–∏ –∏–¥–µ–ª–Ω–∏ —É—Å–ª–æ–≤–∏ –∑–∞ –ø–æ—á–µ—Ç–Ω–∏—Ü–∏ –∏ –ø—Ä–æ—Ñ–µ—Å–∏–æ–Ω–∞–ª—Ü–∏ –æ–¥ –æ–≤–æ—ò —Å–ø–æ—Ä—Ç. –î–æ–±—Ä–µ–¥–æ—ò–¥–µ–Ω –µ —Å",Sports,['Sports'],Triogy Racing MKD,
6d567ba5c898b4f82287d70bf82a2922,https://allevents.in/skopje/coffee-with-movement-11/200028657309056,Coffee with MOVEMENT #11,,,"Kole Nedelkovski 61/3, 1000 Skopje, North Macedonia",https://allevents.in/skopje/coffee-with-movement-11/200028657309056,,True,"It's time for our monthly marketing meet-up! :)

From ‚Äúthis Reels trend is ridiculous‚Äù to ‚Äúhere‚Äôs how we actually doubled our reach last week‚Äù, join us at the 11th Coffee with MOVEMENT and let's share our latest marketing thoughts, experiences, and predictions. 

Bring your friends, it's completely",Business,['Business'],Movement Marketing Agency,05:00 pm - 08:00 pm
c30c042ed6cc588de34399bbe8807d90,https://allevents.in/skopje/%E2%80%9E%D0%9D%D0%90%D0%A0%D0%9E%D0%94%D0%95%D0%9D-%D0%9F%D0%A0%D0%90%D0%A2%D0%95%D0%9D%D0%98%D0%9A/200028666202938,‚Äû–ù–ê–†–û–î–ï–ù –ü–†–ê–¢–ï–ù–ò–ö‚Äú,,,"11 –ú–∞—Ä—Ç, 1000 Skopje, Republic of Macedonia",https://allevents.in/skopje/%E2%80%9E%D0%9D%D0%90%D0%A0%D0%9E%D0%94%D0%95%D0%9D-%D0%9F%D0%A0%D0%90%D0%A2%D0%95%D0%9D%D0%98%D0%9A/200028666202938,,True,"–ù–ê–†–û–î–ï–ù –ü–†–ê–¢–ï–ù–ò–ö
–ë—Ä–∞–Ω–∏—Å–ª–∞–≤ –ù—É—à–∏—ú
–ê–¥–∞–ø—Ç–∞—Ü–∏—ò–∞ –∏ —Ä–µ–∂–∏—ò–∞: –ï–≥–æ–Ω –°–∞–≤–∏–Ω


–°—Ü–µ–Ω–æ–≥—Ä–∞—Ñ: –í–µ—Å–Ω–∞ –ü–æ–ø–æ–≤–∏—ú
–ö–æ—Å—Ç–∏–º–æ–≥—Ä–∞—Ñ: –†–æ–∑–∞ –¢—Ä–∞—ò—á–µ—Å–∫–∞ –†–∏—Å—Ç–æ–≤—Å–∫–∞
–ò–∑–≤—Ä—à–Ω–∏ –ø—Ä–æ–¥—É—Ü–µ–Ω—Ç–∏: –í–∏–∫—Ç–æ—Ä –†—É–±–µ–Ω –∏ –°–∏–º–æ–Ω–∞ –£–≥—Ä–∏–Ω–æ–≤—Å–∫–∞
–ü—Ä–µ–≤–æ–¥: –ó–∞–≥–æ—Ä–∫–∞ –ü–æ–ø-–ê–Ω—Ç–æ—Å–∫–∞ –ê–Ω–¥–æ–≤—Å–∫–∞
–î–∏—ò–∞–ª–µ–∫—Ç–Ω–∞ –∞–¥–∞–ø—Ç–∞—Ü–∏—ò–∞ –Ω–∞ —Ç–µ–∫—Å—Ç: –¢–æ–º–∏—Å–ª–∞–≤ –û—Å–º–∞–Ω–ª–∏ 
–ê—Å–∏—Å—Ç–µ–Ω—Ç –Ω–∞ —Ä–µ–∂–∏—Å–µ—Ä–æ—Ç: –®–µ–Ω–∞—ò –ú",Business,['Business'],–ú–∞–∫–µ–¥–æ–Ω—Å–∫–∏ –Ω–∞—Ä–æ–¥–µ–Ω —Ç–µ–∞—Ç–∞—Ä / Makedonski naroden teatar,
33eb907929fb2dc70303c5593f0740bc,https://allevents.in/skopje/%D0%92%D0%B0%D1%81%D0%B8%D0%BB-%D0%A5%D0%B0%D1%9F%D0%B8%D0%BC%D0%B0%D0%BD%D0%BE%D0%B2-%D0%91%D0%B5%D0%BD%D0%B4/200028661894402,–í–∞—Å–∏–ª –•–∞—ü–∏–º–∞–Ω–æ–≤ –ë–µ–Ω–¥,,,Public Room,https://allevents.in/skopje/%D0%92%D0%B0%D1%81%D0%B8%D0%BB-%D0%A5%D0%B0%D1%9F%D0%B8%D0%BC%D0%B0%D0%BD%D0%BE%D0%B2-%D0%91%D0%B5%D0%BD%D0%B4/200028661894402,,True,"üé∑ –í–∞—Å–∏–ª –•–∞—ü–∏–º–∞–Ω–æ–≤ –ë–µ–Ω–¥ —Å–æ –∫–æ–Ω—Ü–µ—Ä—Ç –≤–æ Public Room –Ω–∞ 1–≤–∏ –Ω–æ–µ–º–≤—Ä–∏! 

–û–≤–∞–∞ –∏–∑–≤–æ–Ω—Ä–µ–¥–Ω–∞ –≥—Ä—É–ø–∞ –º—É–∑–∏—á–∞—Ä–∏ –≤–µ—ú–µ –¥–æ–ª–≥–∏ –≥–æ–¥–∏–Ω–∏ —ò–∞ –≤–æ–æ–¥—É—à–µ–≤—É–≤–∞ –ø—É–±–ª–∏–∫–∞—Ç–∞ —à–∏—Ä—É–º —Å–≤–µ—Ç–æ—Ç —Å–æ —Å–≤–æ—ò–æ—Ç –µ–¥–∏–Ω—Å—Ç–≤–µ–Ω –∑–≤—É–∫.  üé∂
–ù–∏–≤–Ω–∞—Ç–∞ –º—É–∑–∏–∫–∞ —Å–µ –æ–¥–ª–∏–∫—É–≤–∞ —Å–æ –∏–Ω–æ–≤–∞—Ç–∏–≤–Ω–∏ –∞—Ä–∞–Ω–∂–º–∞–Ω–∏, –∞–≤—Ç–µ–Ω—Ç–∏—á–Ω–∞ –∑–≤—É—á–Ω–∞ –µ—Å—Ç–µ—Ç–∏–∫–∞ –∏ –∫—Ä–µ–∞—Ç–∏–≤–Ω–∏ –µ–∫—Å–ø–µ—Ä–∏–º–µ–Ω—Ç–∏ —Å–æ —Ä–∞–∑–ª–∏—á–Ω–∏ –º",Music,['Music'],Public Room,
2454fabf750ad760b11acb9b0a797cc3,https://allevents.in/skopje/digital-nomad-meetup-skopje-registration-is-mandatory/200028453722517,Digital Nomad Meetup Skopje (Registration is mandatory),,,Skopje,https://allevents.in/skopje/digital-nomad-meetup-skopje-registration-is-mandatory/200028453722517,,True,"üöÄ Digital Nomad Meetup ‚Äì Connection, Inspiration & Caffeine ‚òïüåç

Tired of working remotely all by yourself? Come meet other digital nomads in a warm, relaxed atmosphere!

No rigid schedule ‚Äî just real conversations, useful tips, good vibes, and maybe even future coworking or travel buddies.

üìÖ Fr",Business,['Business'],BlaBla Language Exchange - Macedonia,10:00 am - 12:00 pm
360876180dc782a1efa29cc65995ac2e,https://allevents.in/skopje/%E2%80%9E12/200028556285455,‚Äû12‚Äú,,,"11 –ú–∞—Ä—Ç, Skopje, Republic of Macedonia",https://allevents.in/skopje/%E2%80%9E12/200028556285455,,True,"‚Äû12‚Äú 
–ü–æ –º–æ—Ç–∏–≤–∏—Ç–µ –Ω–∞ –†–µ—ü–∏–Ω–∞–ª–¥ –†–æ—É–∑ 
(12 Angry Men)
–ê–¥–∞–ø—Ç–∞—Ü–∏—ò–∞ –∏ —Ä–µ–∂–∏—ò–∞: –°–∏–Ω–∏—à–∞ –ï–≤—Ç–∏–º–æ–≤

–ê—Å–∏—Å—Ç–µ–Ω—Ç –Ω–∞ —Ä–µ–∂–∏—Å–µ—Ä–æ—Ç: –ë–æ—Ä—ò–∞–Ω –°—Ç–æ—ò–∫–æ–≤ 
–ò–∑–≤—Ä—à–µ–Ω –ø—Ä–æ–¥—É—Ü–µ–Ω—Ç: –í–∏–∫—Ç–æ—Ä –†—É–±–µ–Ω 
–°—Ü–µ–Ω–æ–≥—Ä–∞—Ñ: –ú–∞—Ä—Ç–∏–Ω –ú–∞–Ω–µ–≤ 
–ú—É–∑–∏–∫–∞: –ü–ú–ì –ö–æ–ª–µ–∫—Ç–∏–≤ 
–ö–æ—Å—Ç–∏–º–æ–≥—Ä–∞—Ñ: –ê–ª–µ–∫—Å–∞–Ω–¥–∞—Ä –ù–æ—à–ø–∞–ª 
–ê—Å–∏—Å—Ç–µ–Ω—Ç –Ω–∞ –∫–æ—Å—Ç–∏–º–æ–≥—Ä–∞—Ñ–æ—Ç: –ù–∏–∫–æ–ª–∞ –ë—É–ª–µ—Å–∫–∏

–ü—Ä–µ–º–∏–µ—Ä–Ω–∞ –∏–∑–≤–µ–¥–±–∞:",Theater,['Theater'],–ú–∞–∫–µ–¥–æ–Ω—Å–∫–∏ –Ω–∞—Ä–æ–¥–µ–Ω —Ç–µ–∞—Ç–∞—Ä / Makedonski naroden teatar,
2f7d38ed7b0095364083487fd5f3173c,https://allevents.in/skopje/aero-street-food-festival/200028688783204,AERO Street Food Festival,,,–ü–∞—Ä–∫ –ê–µ—Ä–æ–¥—Ä–æ–º (–ê–≤–∏–æ–Ω),https://allevents.in/skopje/aero-street-food-festival/200028688783204,,True,"–ß–µ—Ç–∏—Ä–∏ –¥–µ–Ω–∞ –∏—Å–ø–æ–ª–Ω–µ—Ç–∏ —Å–æ –≤—Ä–≤–Ω–∞ –≥–∞—Å—Ç—Ä–æ–Ω–æ–º–∏—ò–∞, –æ–¥–ª–∏—á–Ω–∞ –º—É–∑–∏–∫–∞, –∑–∞–±–∞–≤–Ω–∞ –ø—Ä–æ–≥—Ä–∞–º–∞ –∏ –∞–∫—Ç–∏–≤–Ω–æ—Å—Ç–∏. –î–µ—Å–µ—Ç–∏—Ü–∏ –∏–∑–ª–∞–≥–∞—á–∏ —Å–æ street food —Å–ø–µ—Ü–∏—ò–∞–ª–∏—Ç–µ—Ç–∏ –æ–¥ 4 –∫—É—ò–Ω–∏ –æ–¥ —Å–≤–µ—Ç–æ—Ç, –Ω–∞—Å—Ç–∞–ø–∏ –Ω–∞ –º—É–∑–∏—á–∫–∏ –≥—Ä—É–ø–∏ –∏ –¥–∏—ü–µ–∏, –∑–∞–±–∞–≤–Ω–∏ –ø—Ä–µ–¥–∏–∑–≤–∏—Ü–∏ –∏ –æ—Å–≤–µ–∂–∏—Ç–µ–ª–Ω–∏ –ø–∏—ò–∞–ª–∞—Ü–∏ –∑–∞ —Å–æ–≤—Ä—à–µ–Ω–æ –Ω–æ–≤–æ —Å–≤–µ—Ç—Å–∫–æ –∏—Å–∫—É—Å—Ç–≤–æ!",Music,['Music'],,
025fc07ea6f8e5a219b991522513e7cc,https://allevents.in/skopje/sunn-o-%D0%9C%D0%9A%D0%A6-%D0%A1%D0%BA%D0%BE%D0%BF%D1%98%D0%B5/200028563276334,SUNN O))) / –ú–ö–¶ / –°–∫–æ–ø—ò–µ,,,–ú–ª–∞–¥–∏–Ω—Å–∫–∏ –ö—É–ª—Ç—É—Ä–µ–Ω –¶–µ–Ω—Ç–∞—Ä,https://allevents.in/skopje/sunn-o-%D0%9C%D0%9A%D0%A6-%D0%A1%D0%BA%D0%BE%D0%BF%D1%98%D0%B5/200028563276334,,True,"FUCK YOGA/ MILITANT ZAZA –ø—Ä–µ—Ç—Å—Ç–∞–≤—É–≤–∞ SUNN O))) –≤–æ –°–∫–æ–ø—ò–µ

SUNN O))) –≤–æ –∂–∏–≤ –∞—Å–ø–µ–∫—Ç —Å–µ –≤—Ä–∞—ú–∞ —Å–æ —Å—É—à—Ç–∏–Ω—Å–∫–∏, –ø—Ä–≤–æ–±–∏—Ç–Ω–æ-—Å–∏—Ä–æ–≤ –æ–±–ª–∏–∫.

–û—Å–Ω–æ–≤–∞—á–∏—Ç–µ/–≥–∏—Ç–∞—Ä–∏—Å—Ç–∏ –°—Ç–∏–≤–µ–Ω –û`–ú–∞—ò–ª–∏ –∏ –ì—Ä–µ–≥ –ê–Ω–¥–µ—Ä—Å–æ–Ω —ú–µ –∏–∑–≤–µ–¥—É–≤–∞–∞—Ç –∫–∞–∫–æ –¥—É–µ—Ç –∑–∞–¥–ª–∞–±–æ—á–µ–Ω –≤–æ –±—É—ò–Ω–æ –ª–∞–º–ø–∞—à–∫–æ –∑–∞—Å–∏–ª—É–≤–∞—ö–µ,
—Å–ø–µ–∫—Ç—Ä–∞–ª–Ω–∏ —Ö–∞—Ä–º–æ–Ω–∏–∏, –¥–∏—Å—Ç–æ—Ä–∑–∏—ò–∞ –∏ –≤–æ–ª—É–º–µ–Ω.

–à–∞—Å–Ω–∏ –∏ –¥—Ä",Sports,['Sports'],FUCK YOGA records,
7d82596a871c720524b0e1fb79d824fd,https://allevents.in/skopje/%E2%80%9E%D0%91%D0%95%D0%9B%D0%98-%D0%9D%D0%9E%D0%8C%D0%98/200028556285659,‚Äû–ë–ï–õ–ò –ù–û–å–ò‚Äú,,,"11 –ú–∞—Ä—Ç, 1000 Skopje, Republic of Macedonia",https://allevents.in/skopje/%E2%80%9E%D0%91%D0%95%D0%9B%D0%98-%D0%9D%D0%9E%D0%8C%D0%98/200028556285659,,True,"–ê–≤—Ç–æ—Ä: –§. –ú. –î–æ—Å—Ç–æ–µ–≤—Å–∫–∏
–†–µ–∂–∏—ò–∞ –∏ –∞–¥–∞–ø—Ç–∞—Ü–∏—ò–∞: –ó–≤–µ–∑–¥–∞–Ω–∞ –ê–Ω–≥–µ–ª–æ–≤—Å–∫–∞
–°—Ü–µ–Ω–æ–≥—Ä–∞—Ñ: –ú–∞—Ä—Ç–∏–Ω –ú–∞–Ω–µ–≤
–ö–æ—Å—Ç–∏–º–æ–≥—Ä–∞—Ñ: –†–æ–∑–∞ –¢—Ä–∞—ò—á–µ—Å–∫–∞-–†–∏—Å—Ç–æ–≤—Å–∫–∞
–ö–æ–º–ø–æ–∑–∏—Ç–æ—Ä: –ú–∞—Ä—ò–∞–Ω –ù–µ—ú–∞–∫

–ò–≥—Ä–∞–∞—Ç:
–ê–Ω–∞ –à–æ–≤–∞–Ω–æ–≤—Å–∫–∞
–î–∞–º—ò–∞–Ω –¶–≤–µ—Ç–∞–Ω–æ–≤—Å–∫–∏



–ò–∑–≤—Ä—à–µ–Ω –ø—Ä–æ–¥—É—Ü–µ–Ω—Ç: –°–∏–º–æ–Ω–∞ –£–≥—Ä–∏–Ω–æ–≤—Å–∫–∞
–ü—Ä–æ–¥—É—Ü–µ–Ω—Ç: –î–∞–º—ò–∞–Ω –¶–≤–µ—Ç–∞–Ω–æ–≤—Å–∫–∏

–ò–Ω—Å–ø–∏—Ü–∏–µ–Ω—Ç: –í—É–∫–∏—Ü–∞ –ê–ª–µ–∫—Å–∞–Ω–¥—Ä–æ–≤–∞

–î",Business,['Business'],–ú–∞–∫–µ–¥–æ–Ω—Å–∫–∏ –Ω–∞—Ä–æ–¥–µ–Ω —Ç–µ–∞—Ç–∞—Ä / Makedonski naroden teatar,
6f1589ec5f16230a204624fd1b31178e,https://allevents.in/skopje/%D0%9B%D0%B0%D0%BC%D0%B1%D0%B5-%D0%90%D0%BB%D0%B0%D0%B1%D0%B0%D0%BA%D0%BE%D0%B2%D1%81%D0%BA%D0%B8/200028644565913,–õ–∞–º–±–µ –ê–ª–∞–±–∞–∫–æ–≤—Å–∫–∏,,,Public Room,https://allevents.in/skopje/%D0%9B%D0%B0%D0%BC%D0%B1%D0%B5-%D0%90%D0%BB%D0%B0%D0%B1%D0%B0%D0%BA%D0%BE%D0%B2%D1%81%D0%BA%D0%B8/200028644565913,,True,"üì¢ –í–µ –ø–æ–∫–∞–Ω—É–≤–∞–º–µ –Ω–∞ —É—à—Ç–µ –µ–¥–µ–Ω –µ–∫—Å–∫–ª—É–∑–∏–≤–µ–Ω –∫–æ–Ω—Ü–µ—Ä—Ç! –ù–∞ 10. –æ–∫—Ç–æ–º–≤—Ä–∏ –≤–æ Public Room –Ω–∏ –≥–æ—Å—Ç—É–≤–∞ –õ–∞–º–±–µ –ê–ª–∞–±–∞–∫–æ–≤—Å–∫–∏!

–ù–∞—ò–ø—Ä–≤–æ —ú–µ —É–∂–∏–≤–∞–º–µ –≤–æ –∏–∑–≤–µ–¥–±–∏—Ç–µ –Ω–∞ ""–ú–æ—Ä–µ –æ–¥ —Å–æ–ª–∑–∏"", ""–í—Ä–∞—Ç–∏ –º–∏ –≥–æ —Å—Ä—Ü–µ—Ç–æ"", ""–ö–∞–∫–æ –ü–∏—Ä–µ—ò"" –∏ –¥—Ä—É–≥–∏, –∞ –ø–æ—Ç–æ–∞ –≤–æ –º–∞–∫–µ–¥–æ–Ω—Å–∫–∏ –µ–≤–µ—Ä–≥—Ä–∏–Ω–∏ –∏ –µ—Ç–Ω–æ –º—É–∑–∏–∫–∞ üá≤üá∞

üé´ –ë–∏–ª–µ—Ç–∏ –≤–æ –ø—Ä–µ—Ç–ø—Ä–æ–¥–∞–∂–±–∞ –Ω–∞ drugastrana.mk",Music,['Music'],Public Room,
2a53364c667dcb1da3f41c870f666000,https://allevents.in/skopje/%D0%90%D0%BD%D0%B3%D0%B5%D0%BB%D0%B8-%D0%B2%D0%BE-%D0%90%D0%BC%D0%B5%D1%80%D0%B8%D0%BA%D0%B0-%D0%B4%D0%B5%D0%BB-i/200028567364456,–ê–Ω–≥–µ–ª–∏ –≤–æ –ê–º–µ—Ä–∏–∫–∞ (–¥–µ–ª I),,,"11 –ú–∞—Ä—Ç, 1000 Skopje, North Macedonia",https://allevents.in/skopje/%D0%90%D0%BD%D0%B3%D0%B5%D0%BB%D0%B8-%D0%B2%D0%BE-%D0%90%D0%BC%D0%B5%D1%80%D0%B8%D0%BA%D0%B0-%D0%B4%D0%B5%D0%BB-i/200028567364456,,True,"–ê–≤—Ç–æ—Ä: –¢–æ–Ω–∏ –ö—É—à–Ω–µ—Ä
–†–µ–∂–∏—Å–µ—Ä: –í–æ —Ä–µ–∂–∏—ò–∞, –ø—Ä–µ–≤–æ–¥ –∏ –∫–æ—Ä–µ–æ–≥—Ä–∞—Ñ–∏—ò–∞ –Ω–∞ –§–∏–ª–∏–ø –ü–µ—Ç–∫–æ–≤—Å–∫–∏
–ü—Ä–æ–¥—É—Ü–µ–Ω—Ç: –ü–µ—Ç–∞—Ä –ê–Ω—Ç–µ–≤—Å–∫–∏
–°—Ü–µ–Ω–æ–≥—Ä–∞—Ñ: –ú–∞—Ä—Ç–∏–Ω –ú–∞–Ω–µ–≤
–ö–æ—Å—Ç–∏–º–æ–≥—Ä–∞—Ñ: –ê–Ω—Ç–æ–Ω–∏—ò–∞ –ì—É–≥–∏–Ω—Å–∫–∞-–à–æ—Ä–¥–∞–Ω–æ—Å–∫–∞
–ê—Å–∏—Å—Ç–µ–Ω—Ç –Ω–∞ —Ä–µ–∂–∏—Å–µ—Ä–æ—Ç: –ê–Ω—Ç–æ–Ω–∏—ò–∞ –ë–µ–ª–∞–∑–µ–ª–∫–æ–≤—Å–∫–∞
–ü—Ä–µ—Ç—Å—Ç–∞–≤–∞—Ç–∞ —Å–µ —Ä–µ–∞–ª–∏–∑–∏—Ä–∞ –∫–∞–∫–æ –∫–æ–ø—Ä–æ–¥—É–∫—Ü–∏—Å–∫–∏ –ø—Ä–æ–µ–∫—Ç –º–µ—ì—É –ú–∞–∫–µ–¥–æ–Ω—Å–∫–∏–æ—Ç –Ω–∞—Ä–æ–¥–µ–Ω —Ç–µ–∞—Ç–∞",Theater,['Theater'],–ú–∞–∫–µ–¥–æ–Ω—Å–∫–∏ –Ω–∞—Ä–æ–¥–µ–Ω —Ç–µ–∞—Ç–∞—Ä / Makedonski naroden teatar,
c804cda9d58c0ebbb7610ce803722672,https://allevents.in/skopje/highlander-galichica-macedonia/200028322135322,HIGHLANDER Galichica Macedonia,,,Galichica,https://allevents.in/skopje/highlander-galichica-macedonia/200028322135322,,True,"Get ready to explore the untouched beauty of National Park Galichica from September 5 - 7, 2025. Nestled between the stunning Lake Ohrid and Lake Prespa, this adventure is your ticket to three unforgettable days in nature's paradise.

HIGHLANDER Pegasus 
(September 5 - 7, 2025): 
A three-day, fully",Art,['Art'],HIGHLANDER Adventure,
f151c692d1b3e379a6177cdb63f0ee59,https://allevents.in/skopje/%D0%A0%D0%B0%D0%B1%D0%BE%D1%82%D0%B8%D0%BB%D0%BD%D0%B8%D1%86%D0%B0-%D0%B7%D0%B0-%D0%BF%D0%BE%D0%B2%D1%80%D0%B7%D1%83%D0%B2%D0%B0%D1%9A%D0%B5-%D0%B8-%D0%B8%D1%81%D1%86%D0%B5%D0%BB%D1%83%D0%B2%D0%B0%D1%9A%D0%B5-%D0%9F%D0%BE%D0%B2%D0%B8%D0%BA-%D0%BE%D0%B4-%D0%9A%D0%BE%D1%81%D0%BC%D0%B8%D1%87%D0%BA%D0%B0%D1%82%D0%B0-%D0%9C%D0%B0%D1%98%D0%BA%D0%B0/200028576895024,–†–∞–±–æ—Ç–∏–ª–Ω–∏—Ü–∞ –∑–∞ –ø–æ–≤—Ä–∑—É–≤–∞—ö–µ –∏ –∏—Å—Ü–µ–ª—É–≤–∞—ö–µ: –ü–æ–≤–∏–∫ –æ–¥ –ö–æ—Å–º–∏—á–∫–∞—Ç–∞ –ú–∞—ò–∫–∞,,,–î–æ–ª–Ω–æ –°–æ—ö–µ,https://allevents.in/skopje/%D0%A0%D0%B0%D0%B1%D0%BE%D1%82%D0%B8%D0%BB%D0%BD%D0%B8%D1%86%D0%B0-%D0%B7%D0%B0-%D0%BF%D0%BE%D0%B2%D1%80%D0%B7%D1%83%D0%B2%D0%B0%D1%9A%D0%B5-%D0%B8-%D0%B8%D1%81%D1%86%D0%B5%D0%BB%D1%83%D0%B2%D0%B0%D1%9A%D0%B5-%D0%9F%D0%BE%D0%B2%D0%B8%D0%BA-%D0%BE%D0%B4-%D0%9A%D0%BE%D1%81%D0%BC%D0%B8%D1%87%D0%BA%D0%B0%D1%82%D0%B0-%D0%9C%D0%B0%D1%98%D0%BA%D0%B0/200028576895024,,True,"üå∏ –í–µ—á–µ—Ä–Ω–∞ –¥—É—Ö–æ–≤–Ω–∞ —Ä–∞–±–æ—Ç–∏–ª–Ω–∏—Ü–∞ ‚Äì 
30 –∞–≤–≥—É—Å—Ç (—Å–∞–±–æ—Ç–∞) | 17:00 ‚Äì 20:00 | –î–æ–ª–Ω–æ –°–æ—ö–µ

–í–æ —Å—Ä—Ü–µ—Ç–æ –Ω–∞ –ª–µ—Ç–æ—Ç–æ, –∫–æ–≥–∞ –ø—Ä–∏—Ä–æ–¥–∞—Ç–∞ —Ç–∏–≤–∫–æ –ø—Ä–µ–º–∏–Ω—É–≤–∞ –≤–æ –µ—Å–µ–Ω –∏ —Å–µ –±—É–¥–∏ –∂–µ–ª–±–∞—Ç–∞ –∑–∞ –≤–Ω–∞—Ç—Ä–µ—à–Ω–∞ —Ç–∏—à–∏–Ω–∞ –∏ –ø–æ–¥–ª–∞–±–æ–∫–∞ —Å–≤–µ—Å–Ω–æ—Å—Ç, –≤–µ –ø–æ–∫–∞–Ω—É–≤–∞–º –Ω–∞ –µ–¥–µ–Ω –ø–æ—Å–µ–±–µ–Ω –Ω–∞—Å—Ç–∞–Ω ‚Äì –≤–µ—á–µ—Ä–Ω–∞ –¥—É—Ö–æ–≤–Ω–∞ —Ä–∞–±–æ—Ç–∏–ª–Ω–∏—Ü–∞ –ø–æ—Å–≤–µ—Ç–µ–Ω–∞ –Ω–∞ —ô—É–±–æ–≤—Ç–∞, –∏—Å—Ü–µ–ª—É–≤–∞—ö–µ",Education,['Education'],Healthy Life Skills,
ffd9b4ad382c90f05b77c776413fd9b4,https://allevents.in/skopje/sars/200028599714458,S.A.R.S.,,,Public Room,https://allevents.in/skopje/sars/200028599714458,,True,"–í–∏ –≥–æ –Ω–∞—ò–∞–≤—É–≤–∞–º–µ –∫–æ–Ω—Ü–µ—Ä—Ç–æ—Ç –Ω–∞ –ª–µ–≥–µ–Ω–¥–∞—Ä–Ω–∏—Ç–µ –°–ê–†–° –≤–æ Public Room! ü§©ü§©ü§©
üóì –ù–∞ 22. –Ω–æ–µ–º–≤—Ä–∏ —Å–ª—É—à–Ω–µ—Ç–µ –≥–∏ –≤–æ –∂–∏–≤–æ ‚Äû–ü–µ—Ä—Å–ø–µ–∫—Ç–∏–≤–∞‚Äú, ‚Äû–†–∞—Ç—É—ò–µ–º–æ —Ç–∏ –∏ —ò–∞‚Äú, ‚Äû–õ—É—Ç–∫–∞‚Äú, ‚Äû–†–∞–∫–∏—ò–∞‚Äú, ‚Äû–ë—É—í–∞–≤ –ª–µ–±–∞—Ü‚Äú, ‚Äû–í–µ—Ä—É—ò –º–∏‚Äú –∏ —É—à—Ç–µ –º–Ω–æ–≥—É –¥—Ä—É–≥–∏! 

–ù–µ –≥–æ –ø—Ä–æ–ø—É—à—Ç–∞—ò—Ç–µ –Ω–∞—Å—Ç–∞–ø–æ—Ç –Ω–∞ –µ–¥–µ–Ω –æ–¥ –Ω–∞—ò–∞–≤—Ç–µ–Ω—Ç–∏—á–Ω–∏—Ç–µ –±–µ–Ω–¥–æ–≤–∏ –Ω–∞ –±–∞–ª–∫–∞–Ω—Å–∫–∞—Ç–∞ —Å—Ü–µ–Ω–∞, –∑–∞–∫–∞–∂–∞–Ω –∑",Music,['Music'],Public Room,
6df2e135e555113af37729c721c7adfe,https://allevents.in/skopje/%E2%80%9E%D0%91%D0%9E%D0%93-%D0%9D%D0%90-%D0%9A%D0%9E%D0%9B%D0%95%D0%96%D0%9E%D0%A2/200028566885534,‚Äû–ë–û–ì –ù–ê –ö–û–õ–ï–ñ–û–¢‚Äú,,,"11 –ú–∞—Ä—Ç, 1000 Skopje, Republic of Macedonia",https://allevents.in/skopje/%E2%80%9E%D0%91%D0%9E%D0%93-%D0%9D%D0%90-%D0%9A%D0%9E%D0%9B%D0%95%D0%96%D0%9E%D0%A2/200028566885534,,True,"‚Äû–ë–æ–≥ –Ω–∞ –∫–æ–ª–µ–∂–æ—Ç‚Äú
–ü–æ –º–æ—Ç–∏–≤–∏—Ç–µ –Ω–∞ ‚ÄûGod of Carnage‚Äú –Ω–∞ –à–∞—Å–º–∏–Ω–∞ –†–µ–∑–∞
–ê–¥–∞–ø—Ç–∞—Ü–∏—ò–∞ –∏ —Ä–µ–∂–∏—ò–∞: –í–µ—Å–Ω–∞ –ü–µ—Ç—Ä—É—à–µ–≤—Å–∫–∞
–ö–æ-–ø—Ä–æ–¥—É–∫—Ü–∏—Å–∫–∏ –ø—Ä–æ–µ–∫—Ç

–ü—Ä–µ–≤–æ–¥: –†–∞—ò–Ω–∞ –ö–æ—à–∫–∞-–•–æ—Ç
–°—Ü–µ–Ω–æ–≥—Ä–∞—Ñ: –¢–∞—Ç—ò–∞–Ω–∞ –•—Ä–∏—Å—Ç–æ—Å–∫–∞
–ö–æ—Å—Ç–∏–º–æ–≥—Ä–∞—Ñ: –ù–∞—Ç–∞–ª–∏—ò–∞ –¢–µ—Ä–∑–∏—ò–∞
–°—Ü–µ–Ω—Å–∫–∏ –¥–≤–∏–∂–µ—ö–∞: –ö—Ä–µ–Ω–∞—Ä–µ –ù–µ–≤–∑–∞—Ç–∏-–ö–µ—Ä–∏

–ò–∑–±–æ—Ä –Ω–∞ –º—É–∑–∏–∫–∞: –í–µ—Å–Ω–∞ –ü–µ—Ç—Ä—É—à–µ–≤—Å–∫–∞
–ê–≤—Ç–æ—Ä –Ω–∞ —Å–æ–Ω–≥ ‚Äû–ü",Theater,['Theater'],–ú–∞–∫–µ–¥–æ–Ω—Å–∫–∏ –Ω–∞—Ä–æ–¥–µ–Ω —Ç–µ–∞—Ç–∞—Ä / Makedonski naroden teatar,
257e2860710cd413476923546f64ab38,https://allevents.in/skopje/%D0%9F%D0%A0%D0%95%D0%9C%D0%98%D0%95%D0%A0%D0%90-%D0%90%D0%BD%D0%B3%D0%B5%D0%BB%D0%B8-%D0%B2%D0%BE-%D0%90%D0%BC%D0%B5%D1%80%D0%B8%D0%BA%D0%B0-%D0%B4%D0%B5%D0%BB-i/200028556285559,–ü–†–ï–ú–ò–ï–†–ê - –ê–Ω–≥–µ–ª–∏ –≤–æ –ê–º–µ—Ä–∏–∫–∞ (–¥–µ–ª I),,,"11 –ú–∞—Ä—Ç, 1000 Skopje, North Macedonia",https://allevents.in/skopje/%D0%9F%D0%A0%D0%95%D0%9C%D0%98%D0%95%D0%A0%D0%90-%D0%90%D0%BD%D0%B3%D0%B5%D0%BB%D0%B8-%D0%B2%D0%BE-%D0%90%D0%BC%D0%B5%D1%80%D0%B8%D0%BA%D0%B0-%D0%B4%D0%B5%D0%BB-i/200028556285559,,True,"–ê–≤—Ç–æ—Ä: –¢–æ–Ω–∏ –ö—É—à–Ω–µ—Ä
–†–µ–∂–∏—Å–µ—Ä: –í–æ —Ä–µ–∂–∏—ò–∞, –ø—Ä–µ–≤–æ–¥ –∏ –∫–æ—Ä–µ–æ–≥—Ä–∞—Ñ–∏—ò–∞ –Ω–∞ –§–∏–ª–∏–ø –ü–µ—Ç–∫–æ–≤—Å–∫–∏
–ü—Ä–æ–¥—É—Ü–µ–Ω—Ç: –ü–µ—Ç–∞—Ä –ê–Ω—Ç–µ–≤—Å–∫–∏
–°—Ü–µ–Ω–æ–≥—Ä–∞—Ñ: –ú–∞—Ä—Ç–∏–Ω –ú–∞–Ω–µ–≤
–ö–æ—Å—Ç–∏–º–æ–≥—Ä–∞—Ñ: –ê–Ω—Ç–æ–Ω–∏—ò–∞ –ì—É–≥–∏–Ω—Å–∫–∞-–à–æ—Ä–¥–∞–Ω–æ—Å–∫–∞
–ê—Å–∏—Å—Ç–µ–Ω—Ç –Ω–∞ —Ä–µ–∂–∏—Å–µ—Ä–æ—Ç: –ê–Ω—Ç–æ–Ω–∏—ò–∞ –ë–µ–ª–∞–∑–µ–ª–∫–æ–≤—Å–∫–∞
–ü—Ä–µ—Ç—Å—Ç–∞–≤–∞—Ç–∞ —Å–µ —Ä–µ–∞–ª–∏–∑–∏—Ä–∞ –∫–∞–∫–æ –∫–æ–ø—Ä–æ–¥—É–∫—Ü–∏—Å–∫–∏ –ø—Ä–æ–µ–∫—Ç –º–µ—ì—É –ú–∞–∫–µ–¥–æ–Ω—Å–∫–∏–æ—Ç –Ω–∞—Ä–æ–¥–µ–Ω —Ç–µ–∞—Ç–∞",Cinema,['Cinema'],–ú–∞–∫–µ–¥–æ–Ω—Å–∫–∏ –Ω–∞—Ä–æ–¥–µ–Ω —Ç–µ–∞—Ç–∞—Ä / Makedonski naroden teatar,
6fc7211f4911ba82c067437d09ac0d18,https://allevents.in/skopje/masom-l1-the-world-of-wines/200028657309302,MASOM L1 - The World of Wines,,,M6 Educational Centre,https://allevents.in/skopje/masom-l1-the-world-of-wines/200028657309302,,True,"–î–≤–æ–¥–Ω–µ–≤–Ω–∞ –≤–∏–Ω—Å–∫–∞ –æ–±—É–∫–∞ 

11 –∏ 12 —Å–µ–ø—Ç–µ–º–≤—Ä–∏ 2025 
–æ–¥ 10:00 –¥–æ 16:00 —á–∞—Å–æ—Ç

–¶–µ–Ω–∞: 8650,00 –¥–µ–Ω

–†–æ–∫ –∑–∞ –ø—Ä–∏—ò–∞–≤—É–≤–∞—ö–µ 5 —Å–µ–ø—Ç–µ–º–≤—Ä–∏ 2025 
–Ω–∞: http://www.masom.net/apply-now.html 

–û–≤–∞–∞ –∫—Ä–∞—Ç–∫–∞ –≤–∏–Ω—Å–∫–∞ –æ–±—É–∫–∞ –µ –∏–¥–µ–∞–ª–Ω–∞ –ø–æ—á–µ—Ç–Ω–∞ —Ç–æ—á–∫–∞ –∑–∞ —ô—É–±–∏—Ç–µ–ª–∏—Ç–µ –Ω–∞ –≤–∏–Ω–æ—Ç–æ, –∫–∞–∫–æ –∏ –∑–∞ –æ–Ω–∏–µ –∫–æ–∏ –∑–∞–ø–æ—á–Ω—É–≤–∞–∞—Ç –∫–∞—Ä–∏–µ—Ä–∞ –ø–æ–≤—Ä–∑–∞–Ω–∞ —Å–æ –≤–∏–Ω",Education,['Education'],MASOM - Macedonian Association of Sommeliers,
e5546ddbeccba9dee917f294e6f14718,https://allevents.in/skopje/kozjak-1284mnv-pogranicni-vrh/200028672588633,KOZJAK (1284mnv)- POGRANICNI VRH üá≤üá∞üá∑üá∏,,,Kumanovo,https://allevents.in/skopje/kozjak-1284mnv-pogranicni-vrh/200028672588633,,True,"Postovane/i, Planinarsko drustvo Beljanica iz Svilajnca organizuje odlazak na pogranicni vrh Kozjak (1284mnv) sa koga se vidi manastir Prohor Pcinjski. Staza je srednje zahtevna i duzine 18km. Prvog dana po dolasku je planirano da se obidje Spomen kosturnica na brdu Zebrnjak koje je podignuto u cast",Art,['Art'],,
afadca490bb05bf8e914556b38c057e4,https://allevents.in/skopje/ifbb-diamond-cup-skopje/200028494858144,IFBB Diamond Cup Skopje,,,Diamond Mall Skopje,https://allevents.in/skopje/ifbb-diamond-cup-skopje/200028494858144,,True,"IFBB Diamond Cup Skopje, since 2018!
IFBB PRO Qualifier and World Ranking Event!
October, 11-12,2025, Skopje, Diamond Mall!
SAVE THE DATE!!!",event,['event'],IFBB Diamond Cup MKD,
b902b6cb681434794b8d1b9fe81bc655,https://allevents.in/skopje/la-madre-retreat-macedonia-balkan-groupe/200028665340334,LA MADRE RETREAT@MACEDONIA- BALKAN GROUPE,,,"Skopje, Macedonia",https://allevents.in/skopje/la-madre-retreat-macedonia-balkan-groupe/200028665340334,,True,"Dear brothers and sisters,
I warmly invite you to a 3-day retreat with 2 medicine ceremonies included for deep healing and transformation
more info and PDF brochures on official email and contact:

This retreat is being organized by another organisation on apply, and you will get their contact
_____",Education,['Education'],Equilibrium school & hospital for plant Medicine Croatia,
62ab70f67fa6ccfd9286fc0c80ec2956,https://allevents.in/skopje/sparkasse-life-%D0%9F%D0%A0%D0%92-%D0%94%D0%9E-%D0%92%D0%A0%D0%92-2026/200028278672940,Sparkasse Life –ü–†–í –î–û –í–†–í 2026,,,–í—Ä–≤ –Ω–∞ –í–æ–¥–Ω–æ,https://allevents.in/skopje/sparkasse-life-%D0%9F%D0%A0%D0%92-%D0%94%D0%9E-%D0%92%D0%A0%D0%92-2026/200028278672940,,True,"–ó–∞—á—É–≤–∞—ò –≥–æ –¥–∞—Ç—É–º–æ—Ç 17 –ú–∞—ò 2026 –∑–∞ —Ç–≤–æ–µ—Ç–æ —Å–ª–µ–¥–Ω–æ —É—á–µ—Å—Ç–≤–æ –Ω–∞ Sparkasse Life –ü—Ä–≤ –¥–æ –í—Ä–≤ 2026 –∏ –ø–æ–¥–≥–æ—Ç–≤—É–≤–∞—ò —Å–µ –µ–¥–Ω–∞ –æ–¥ 5-—Ç–µ —Ç—Ä–∫–∏:

üèÉ‚Äç‚ôÇÔ∏è –ü–ª–∞–Ω–∏–Ω—Å–∫–æ —Ç—Ä—á–∞—ö–µ
üöµ –ü–ª–∞–Ω–∏–Ω—Å–∫–∏ –≤–µ–ª–æ—Å–∏–ø–µ–¥–∏–∑–∞–º
üö¥‚Äç‚ôÇÔ∏è –î—Ä—É–º—Å–∫–∏ –≤–µ–ª–æ—Å–∏–ø–µ–¥–∏–∑–∞–º
‚ö° E-Bike
üë• Team-building Summit Run

–ù–∞—Å–∫–æ—Ä–æ –ø–æ–≤–µ—ú–µ –∏–Ω—Ñ–æ—Ä–º–∞—Ü–∏–∏ –∑–∞ –Ω–∞—ò–≥–æ–ª–µ–º–∏–æ—Ç –ø–ª–∞–Ω–∏–Ω—Å–∫–∏ –Ω–∞—Å—Ç–∞–Ω –≤–æ",Business,['Business'],–ü—Ä–≤ –¥–æ –≤—Ä–≤,09:00 am - 02:00 pm
ae584d869126f425faeb9392ce0dad3d,https://allevents.in/skopje/only-the-hard-tour-terror-dbd-last-hope-and-risk-it-s26-skopje/200028569467400,"ONLY THE HARD TOUR (TERROR + DBD, LAST HOPE & RISK IT) @ S26 SKOPJE",,,–°—Ç–∞–Ω–∏—Ü–∞ 26,https://allevents.in/skopje/only-the-hard-tour-terror-dbd-last-hope-and-risk-it-s26-skopje/200028569467400,,True,"ONLY THE HARD TOUR
üìç 2 –¥–µ–∫–µ–º–≤—Ä–∏ | –°—Ç–∞–Ω–∏—Ü–∞ 26, –°–∫–æ–ø—ò–µ
üïï –í—Ä–∞—Ç–∏: 18:00

DIEHARD RECORDS —Å–æ –≥–æ—Ä–¥–æ—Å—Ç –≤–∏ –Ω–∞—ò–∞–≤—É–≤–∞:
–ß–µ—Ç–∏—Ä–∏ —Ö–∞—Ä–¥–∫–æ—Ä —Ç–∏—Ç–∞–Ω–∏ –Ω–∞ –µ–¥–Ω–∞ –±–∏–Ω–∞ ‚Äì ONLY THE HARD —Ç—É—Ä–Ω–µ—ò–∞—Ç–∞ –∫–æ–Ω–µ—á–Ω–æ –¥–æ–∞—ì–∞ –≤–æ –°–∫–æ–ø—ò–µ. –í–∏—Å—Ç–∏–Ω—Å–∫–æ —Ö–∞—Ä–¥–∫–æ—Ä —à–æ—É –±–µ–∑ –±–∞—Ä–∏–µ—Ä–∞!

TERROR (Los Angeles) ‚Äì –ü–æ–≤–µ—ú–µ –æ–¥ –¥–≤–µ –¥–µ—Ü–µ–Ω–∏–∏ –¥–µ—Ñ–∏–Ω–∏—Ü–∏—ò–∞ –∏ —Ç–µ–º–µ–ª –Ω–∞ —Ö–∞",Business,['Business'],Diehard Records,
5a0924d1674b37b8675f6342b7aeae0c,https://allevents.in/skopje/ilinden-cup-2025-%D0%98%D0%BB%D0%B8%D0%BD%D0%B4%D0%B5%D0%BD-%D0%BA%D1%83%D0%BF-2025/200027991841840,Ilinden Cup 2025 - –ò–ª–∏–Ω–¥–µ–Ω –∫—É–ø 2025,,,"Ilinden, 1000 Skopje, Republic of Macedonia",https://allevents.in/skopje/ilinden-cup-2025-%D0%98%D0%BB%D0%B8%D0%BD%D0%B4%D0%B5%D0%BD-%D0%BA%D1%83%D0%BF-2025/200027991841840,,True,"Save the date! üèÜ‚öΩ
The most exciting football tournament of the year is happening September 12‚Äì14, 2025! Get ready for three days of thrilling matches, unforgettable moments, and pure passion for the game. Stay tuned for more details‚Äîthis is an event you won‚Äôt want to miss! 
-
–ó–∞–ø–æ–º–Ω–µ—Ç–µ –≥–æ –¥–∞—Ç—É–º–æ—Ç! üèÜ",Sports,['Sports'],ILINDEN CUP 2023,
a0e385b1582e8b41f6abdc2e639ec36d,https://allevents.in/skopje/bacchus-classic-rally-2025/200027726473154,Bacchus Classic Rally 2025,,,"Skopje, North Macedonia",https://allevents.in/skopje/bacchus-classic-rally-2025/200027726473154,,True,"Verstecktes Juwel Osteuropas!
Die Bacchus Classic Car Rally 2025 (BCCR2025) ist eine internationale Oldtimer-Rallye f√ºr 60 Teilnehmer aus aller Welt, die die Gelegenheit haben, die verborgenen Juwel Osteuropas zu entdecken. Hauptthema dieser Rallye ist, wie der Name schon vermuten l√§sst, Wein, aber",Food,['Food'],Bacchus Classic Rally,
045cd1574da9b377ba5301edf1399d7b,https://allevents.in/skopje/yasmin-levy-in-skopje/3300028468813443,Yasmin Levy in Skopje,,,Macedonian Philharmonic,https://allevents.in/skopje/yasmin-levy-in-skopje/3300028468813443,,True,"üé§ Join Yasmin Levy LIVE at Macedonian Philharmonic on Friday, October 17, 2025! üé§  
Here is the moment you've been waiting for! Yasmin Levy is coming to Macedonian Philharmonic on Friday, October 17, 2025, bringing their biggest hits like Una Noche Mas, La alegria and Adio Kerida to life. With 10",Music,['Music'],Curated By Beat Curator,
710fb007017d7d4a18b9eed4caf6e744,https://allevents.in/skopje/london-6-dena/200028221772740,London 6 dena,,,"Kej 13 noemvri broj 16 gtc prizemje Skopje, Skopje, Republic of Macedonia",https://allevents.in/skopje/london-6-dena/200028221772740,,True,"ÔøΩ–õ–û–ù–î–û–ù-–ê–ù–ì–õ–ò–à–ê ÔøΩ                                                                                6 –î–Ω–µ–≤–Ω–∞ –ø—Ä–æ–≥—Ä–∞–º–∞ / 5 –ù–û–ö–ï–í–ê–ä–ê
 –¢–ï–†–ú–ò–ù: 20-25.06.2025
–¢–ï–†–ú–ò–ù : 17-22.09.2025 –∏                     –¢–ï–†–ú–ò–ù :04-09.12.202",event,['event'],Orfej Travel Agency / –û—Ä—Ñ–µ—ò –¢—É—Ä–∏—Å—Ç–∏—á–∫–∞ –ê–≥–µ–Ω—Ü–∏—ò–∞,
4acb8d6236358c88681135d7e7231772,https://allevents.in/skopje/15-%D1%82%D0%B0-%D0%A5%D1%83%D0%BC%D0%B0%D0%BD%D0%B8%D1%82%D0%B0%D1%80%D0%BD%D0%B0-%D0%9C%D0%BE%D1%82%D0%BE%D1%80%D1%9F%D0%B8%D1%81%D0%BA%D0%B0-%D0%9A%D1%80%D0%B2%D0%BE%D0%B4%D0%B0%D1%80%D0%B8%D1%82%D0%B5%D0%BB%D0%BD%D0%B0-%D0%90%D0%BA%D1%86%D0%B8%D1%98%D0%B0/200027988989550,15-—Ç–∞ –•—É–º–∞–Ω–∏—Ç–∞—Ä–Ω–∞ –ú–æ—Ç–æ—Ä—ü–∏—Å–∫–∞ –ö—Ä–≤–æ–¥–∞—Ä–∏—Ç–µ–ª–Ω–∞ –ê–∫—Ü–∏—ò–∞,,,Avtokomanda,https://allevents.in/skopje/15-%D1%82%D0%B0-%D0%A5%D1%83%D0%BC%D0%B0%D0%BD%D0%B8%D1%82%D0%B0%D1%80%D0%BD%D0%B0-%D0%9C%D0%BE%D1%82%D0%BE%D1%80%D1%9F%D0%B8%D1%81%D0%BA%D0%B0-%D0%9A%D1%80%D0%B2%D0%BE%D0%B4%D0%B0%D1%80%D0%B8%D1%82%D0%B5%D0%BB%D0%BD%D0%B0-%D0%90%D0%BA%D1%86%D0%B8%D1%98%D0%B0/200027988989550,,True,"Guardian Angels MC –ø–æ 15—Ç–∏ –ø–∞—Ç –æ—Ä–≥–∞–Ω–∏–∑–∏—Ä–∞ —Ö—É–º–∞–Ω–∏—Ç–∞—Ä–Ω–∞ –∫—Ä–≤–æ–¥–∞—Ä–∏—Ç–µ–ª–Ω–∞ –∞–∫—Ü–∏—ò–∞ –≤–æ —Å–≤–æ—ò–æ—Ç –∫–ª—É–±—Å–∫–∏ –¥–æ–º!

#–ò–¢–∏–ú–æ–∂–µ—à–î–∞–ë–∏–¥–µ—à–•–µ—Ä–æ—ò",event,['event'],Support 71 - Guardian Angels MC Macedonia,
03d3f02a45e829334a4cfdc6b4a0c86d,https://allevents.in/skopje/macedonia-i-grecja-przez-g%C3%B3ry-do-morza-4x4/200028159786727,Macedonia i Grecja - Przez g√≥ry do morza - 4x4,,,"Skopje, Macedonia",https://allevents.in/skopje/macedonia-i-grecja-przez-g%C3%B3ry-do-morza-4x4/200028159786727,,True,"Wyprawa 4x4
Zapraszamy na piƒôkne doznania w towarzystwie g√≥r, jezior i wybrze≈ºy. Jedziemy przez Macedonie do Grecji na piƒôknƒÖ przygodƒô 4x4!

Wyprawa jest przeznaczona dla os√≥b, kt√≥re uwielbiajƒÖ przygody, majestatyczne g√≥ry i wieczorne biesiady przy ogniskach w doborowym towarzystwie üôÇ
Zapraszamy ka≈º",Art,['Art'],Pathfinders_odkrywcy,
cfca1557b36cb4093e1d874dab75d9fe,https://allevents.in/skopje/44th-nafa-international-ethnographic-film-festival/200028483450552,44th NAFA International Ethnographic Film Festival,,,Museum of Macedonia,https://allevents.in/skopje/44th-nafa-international-ethnographic-film-festival/200028483450552,,True,"We are looking forward to welcoming you to Skopje, North Macedonia for this year‚Äôs international ethnographic film festival! It will be held at the National Museum from 8th ‚Äì 10th October 2025.

Film selection is underway ‚Äì watch the festival website for more info and updates on the official festiva",Cinema,['Cinema'],Nordic Anthropological Film Association (NAFA),
398cb4aa6ee9a55c5ca3230c4922094b,https://allevents.in/skopje/%D0%97%D0%90%D0%9C%D0%98%D0%A1%D0%9B%D0%98-%D0%9D%D0%9E%D0%92-%D0%A1%D0%92%D0%95%D0%A2-%E2%80%A2-%D0%9A%D0%BE%D0%BB%D0%B0%D0%B6-%D0%BE%D0%B4-%D0%B4%D0%B5%D0%BB%D0%B0%D1%82%D0%B0-%D0%BD%D0%B0-%D0%93%D0%BE%D1%80%D0%B0%D0%BD-%D0%A1%D1%82%D0%B5%D1%84%D0%B0%D0%BD%D0%BE%D0%B2%D1%81%D0%BA%D0%B8/200028556285703,–ó–ê–ú–ò–°–õ–ò –ù–û–í –°–í–ï–¢ ‚Ä¢ –ö–æ–ª–∞–∂ –æ–¥ –¥–µ–ª–∞—Ç–∞ –Ω–∞ –ì–æ—Ä–∞–Ω –°—Ç–µ—Ñ–∞–Ω–æ–≤—Å–∫–∏,,,"11 –ú–∞—Ä—Ç, Skopje, Republic of Macedonia",https://allevents.in/skopje/%D0%97%D0%90%D0%9C%D0%98%D0%A1%D0%9B%D0%98-%D0%9D%D0%9E%D0%92-%D0%A1%D0%92%D0%95%D0%A2-%E2%80%A2-%D0%9A%D0%BE%D0%BB%D0%B0%D0%B6-%D0%BE%D0%B4-%D0%B4%D0%B5%D0%BB%D0%B0%D1%82%D0%B0-%D0%BD%D0%B0-%D0%93%D0%BE%D1%80%D0%B0%D0%BD-%D0%A1%D1%82%D0%B5%D1%84%D0%B0%D0%BD%D0%BE%D0%B2%D1%81%D0%BA%D0%B8/200028556285703,,True,"–†–µ–∂–∏—Å–µ—Ä: –ù–µ–ª–∞ –í–∏—Ç–æ—à–µ–≤–∏—ú
–î—Ä–∞–º–∞—Ç—É—Ä—à–∫–∞ –∞–¥–∞–ø—Ç–∞—Ü–∏—ò–∞: –ê–Ω–∞ –†–∏—Å—Ç–æ—Å–∫–∞-–¢—Ä–ø–µ–Ω–æ—Å–∫–∞ 

–ü—Ä–æ–¥—É—Ü–µ–Ω—Ç–∏: –í–ª–∞–¥–∏–º–∏—Ä –ê–Ω–∞—Å—Ç–∞—Å–æ–≤, –ê–Ω–≥–µ–ª–∞ –ù–µ—Å—Ç–æ—Ä–æ–≤—Å–∫–∞; –°–µ–∫—Ç–æ—Ä —Ñ–∏–ª–º
–û—Ä–≥–∞–Ω–∏–∑–∞—Ç–æ—Ä: –í–∞—Å–∏–ª –¢—Ä–∞—ò–∫–æ–≤—Å–∫–∏
–ö–æ–º–ø–æ–∑–∏—Ç–æ—Ä –Ω–∞ –º—É–∑–∏–∫–∞—Ç–∞: –û–≥–Ω–µ–Ω –ê–Ω–∞—Å—Ç–∞—Å–æ–≤—Å–∫–∏
–°—Ü–µ–Ω–æ–≥—Ä–∞—Ñ: –ö–æ–Ω—Å—Ç–∞–Ω—Ç–∏–Ω –¢—Ä–ø–µ–Ω–æ—Å–∫–∏
–ö–æ—Å—Ç–∏–º–æ–≥—Ä–∞—Ñ: –†–æ–∑–∞ –¢—Ä–∞—ò—á–µ–≤—Å–∫–∞-–†–∏—Å—Ç–æ—Å–∫–∞
–í–∏–¥–µ–æ –µ–¥–∏—Ç–æ—Ä –∏ —Ñ–æ—Ç–æ–≥",Art,['Art'],–ú–∞–∫–µ–¥–æ–Ω—Å–∫–∏ –Ω–∞—Ä–æ–¥–µ–Ω —Ç–µ–∞—Ç–∞—Ä / Makedonski naroden teatar,
57619e8656f576adff3c964577a76c17,https://allevents.in/skopje/27-%D0%BC%D0%B8-%D0%A8%D1%80%D0%B8-%D0%A7%D0%B8%D0%BD%D0%BC%D0%BE%D1%98-%D0%BC%D0%B0%D1%80%D0%B0%D1%82%D0%BE%D0%BD-1532026/200028433197529,27-–º–∏ –®—Ä–∏ –ß–∏–Ω–º–æ—ò –º–∞—Ä–∞—Ç–æ–Ω (15.3.2026),,,"City Park, Skopje",https://allevents.in/skopje/27-%D0%BC%D0%B8-%D0%A8%D1%80%D0%B8-%D0%A7%D0%B8%D0%BD%D0%BC%D0%BE%D1%98-%D0%BC%D0%B0%D1%80%D0%B0%D1%82%D0%BE%D0%BD-1532026/200028433197529,,True,"–¢—Ä–∞–¥–∏—Ü–∏–æ–Ω–∞–ª–Ω–∏–æ—Ç 27-—Ç–∏ –®—Ä–∏ –ß–∏–Ω–º–æ—ò –º–∞—Ä–∞—Ç–æ–Ω —ú–µ —Å–µ –æ–¥—Ä–∂–∏ –Ω–∞ 15.3.2026 –≥–æ–¥–∏–Ω–∞ (–Ω–µ–¥–µ–ª–∞) —Å–æ –ø–æ—á–µ—Ç–æ–∫ –Ω–∞ –º–∞—Ä–∞—Ç–æ–Ω–æ—Ç –∏ –ø–æ–ª—É–º–∞—Ä–∞—Ç–æ–Ω–æ—Ç –≤–æ 8:00 —á–∞—Å–æ—Ç, —Å–æ —Å—Ç–∞—Ä—Ç –Ω–∞ —Ç—Ä–∫–∞—Ç–∞ –≤–æ –ì—Ä–∞–¥—Å–∫–∏ –ø–∞—Ä–∫ ‚Äì –°–∫–æ–ø—ò–µ, –≤–æ –±–ª–∏–∑–∏–Ω–∞ –Ω–∞ –õ—É–Ω–∞ –ø–∞—Ä–∫.
–û—Ä–≥–∞–Ω–∏–∑–∞—Ç–æ—Ä –Ω–∞ –Ω–∞—Å—Ç–∞–Ω–æ—Ç –µ –ê–ö –®—Ä–∏ –ß–∏–Ω–º–æ—ò.

–¢—Ä–∫–∏
üèÉ –ú–∞—Ä–∞—Ç–æ–Ω ‚Äì 42 195 m
üèÉ –ü–æ–ª—É–º–∞—Ä–∞—Ç–æ–Ω ‚Äì 21 097 m",Business,['Business'],–®—Ä–∏ –ß–∏–Ω–º–æ—ò –ú–∞—Ä–∞—Ç–æ–Ω –¢–∏–º,
e90cc26912b40eedbc89b71588b33d67,https://allevents.in/skopje/terror-in-skopje/3300028592595026,Terror in Skopje,,,Stanica 26,https://allevents.in/skopje/terror-in-skopje/3300028592595026,,True,"üé∂ Don't Miss this Out! Terror is Live at Stanica 26 on Tuesday, December 2, 2025! üé∂
This is your moment. Terror is hitting Stanica 26 on Tuesday, December 2, 2025, and with chart-topping hits like Return to Strength, Keepers of the Faith and Hard Lessons and 183.3K+ cheering them on, you do not w",Music,['Music'],Curated By Sound Curator,07:00 pm - 11:00 pm
